claimed_map,query_map,recovered_logo_nc,accept_at_nominal_0_90
H51-AANP,H51-AGNP,0.9984126984126986,1
H51-AANP,H51-BOUA,0.29983373207732533,0
H51-AANP,H51-BOUL,0.6620473436277011,0
H51-AANP,H51-BOUP,0.9872661531332735,1
H51-AANP,H51-BRGA,0.6974445166940353,0
H51-AANP,H51-BRGL,0.6935591320220839,0
H51-AANP,H51-BRGP,1.0000000000000002,1
H51-AANP,H51-CPTL,0.6881336394814386,0
H51-AANP,H51-HFCA,0.7337375629525028,0
H51-AANP,H51-HFCL,0.698688843315279,0
H51-AANP,H51-HFCP,0.9840198491090993,1
H51-AANP,H51-HYDA,0.2559939058231545,0
H51-AANP,H51-HYDL,0.7088892200034936,0
H51-AANP,H51-HYDP,0.9984126984126986,1
H51-AANP,H51-LFCL,0.727852366675554,0
H51-AANP,H51-LFCP,0.9952317823890993,1
H51-AANP,H51-LRDL,0.6829272365264183,0
H51-AANP,H51-LRRL,0.5911452060408411,0
H51-AANP,H51-RESA,0.7213709164496468,0
H51-AANP,H51-RESP,0.9984126984126986,1
H51-AANP,H51-RFCA,0.761306906174453,0
H51-AANP,H51-RFCP,0.9984114366459335,1
H51-AANP,H51-TERL,0.3688602140193883,0
H51-AANP,H51-TERP,0.9984114366459335,1
H51-AANP,H51-VEGA,0.4445766998987763,0
H51-AANP,tianjin-latest-free.shp-gis_osm_buildings_a_free_1,0.7406872515560158,0
H51-AANP,tianjin-latest-free.shp-gis_osm_landuse_a_free_1,0.7447791659005668,0
H51-AANP,tianjin-latest-free.shp-gis_osm_natural_free_1,1.0000000000000002,1
H51-AANP,tianjin-latest-free.shp-gis_osm_places_a_free_1,0.7563016451878958,0
H51-AANP,tianjin-latest-free.shp-gis_osm_places_free_1,0.9952317823890993,1
H51-AANP,tianjin-latest-free.shp-gis_osm_pofw_a_free_1,0.7552658577812936,0
H51-AANP,tianjin-latest-free.shp-gis_osm_pofw_free_1,0.9872661531332735,1
H51-AANP,tianjin-latest-free.shp-gis_osm_pois_a_free_1,0.7461271835934398,0
H51-AANP,tianjin-latest-free.shp-gis_osm_pois_free_1,0.9952317823890993,1
H51-AANP,tianjin-latest-free.shp-gis_osm_railways_free_1,0.5599146937576422,0
H51-AANP,tianjin-latest-free.shp-gis_osm_roads_free_1,0.7357277699488601,0
H51-AANP,tianjin-latest-free.shp-gis_osm_traffic_a_free_1,0.7478229271925159,0
H51-AANP,tianjin-latest-free.shp-gis_osm_traffic_free_1,0.9808002761072402,1
H51-AANP,tianjin-latest-free.shp-gis_osm_transport_a_free_1,0.7512144143906678,0
H51-AANP,tianjin-latest-free.shp-gis_osm_transport_free_1,0.9936356121857463,1
H51-AANP,tianjin-latest-free.shp-gis_osm_water_a_free_1,0.6930827744279544,0
H51-AANP,tianjin-latest-free.shp-gis_osm_waterways_free_1,0.6751940240943224,0
H51-AGNP,H51-AANP,0.9984114366459335,1
H51-AGNP,H51-BOUA,0.29306903775298565,0
H51-AGNP,H51-BOUL,0.659848705364906,0
H51-AGNP,H51-BOUP,0.9856572155268518,1
H51-AGNP,H51-BRGA,0.6939987682255282,0
H51-AGNP,H51-BRGL,0.69497567879886,0
H51-AGNP,H51-BRGP,0.9984114366459335,1
H51-AGNP,H51-CPTL,0.6855353686130218,0
H51-AGNP,H51-HFCA,0.7286120888626997,0
H51-AGNP,H51-HFCL,0.6970052557410253,0
H51-AGNP,H51-HFCP,0.9857142857142859,1
H51-AGNP,H51-HYDA,0.2420839754357787,0
H51-AGNP,H51-HYDL,0.7117220806976278,0
H51-AGNP,H51-HYDP,1.0000000000000002,1
H51-AGNP,H51-LFCL,0.7288565259755775,0
H51-AGNP,H51-LFCP,0.9968253968253971,1
H51-AGNP,H51-LRDL,0.684463567235944,0
H51-AGNP,H51-LRRL,0.5930858181628051,0
H51-AGNP,H51-RESA,0.7184924765173845,0
H51-AGNP,H51-RESP,1.0000000000000002,1
H51-AGNP,H51-RFCA,0.7586451233642076,0
H51-AGNP,H51-RFCP,0.9968203417119826,1
H51-AGNP,H51-TERL,0.36381610105721157,0
H51-AGNP,H51-TERP,0.9968203417119826,1
H51-AGNP,H51-VEGA,0.43279934257801345,0
H51-AGNP,tianjin-latest-free.shp-gis_osm_buildings_a_free_1,0.7372271164855503,0
H51-AGNP,tianjin-latest-free.shp-gis_osm_landuse_a_free_1,0.7399728508181093,0
H51-AGNP,tianjin-latest-free.shp-gis_osm_natural_free_1,0.9984114366459335,1
H51-AGNP,tianjin-latest-free.shp-gis_osm_places_a_free_1,0.7539510879873306,0
H51-AGNP,tianjin-latest-free.shp-gis_osm_places_free_1,0.9968253968253971,1
H51-AGNP,tianjin-latest-free.shp-gis_osm_pofw_a_free_1,0.7525790193562271,0
H51-AGNP,tianjin-latest-free.shp-gis_osm_pofw_free_1,0.9856572155268518,1
H51-AGNP,tianjin-latest-free.shp-gis_osm_pois_a_free_1,0.7420314869076652,0
H51-AGNP,tianjin-latest-free.shp-gis_osm_pois_free_1,0.9968253968253971,1
H51-AGNP,tianjin-latest-free.shp-gis_osm_railways_free_1,0.5534479048772497,0
H51-AGNP,tianjin-latest-free.shp-gis_osm_roads_free_1,0.7378202782517249,0
H51-AGNP,tianjin-latest-free.shp-gis_osm_traffic_a_free_1,0.7444222392003954,0
H51-AGNP,tianjin-latest-free.shp-gis_osm_traffic_free_1,0.9825131653617625,1
H51-AGNP,tianjin-latest-free.shp-gis_osm_transport_a_free_1,0.7488453244117956,0
H51-AGNP,tianjin-latest-free.shp-gis_osm_transport_free_1,0.9952380952380954,1
H51-AGNP,tianjin-latest-free.shp-gis_osm_water_a_free_1,0.688340417280963,0
H51-AGNP,tianjin-latest-free.shp-gis_osm_waterways_free_1,0.6782292769000924,0
H51-BOUA,H51-AANP,0.29983373207732533,0
H51-BOUA,H51-AGNP,0.2967430494380125,0
H51-BOUA,H51-BOUL,0.6217949033809601,0
H51-BOUA,H51-BOUP,0.3090331539840274,0
H51-BOUA,H51-BRGA,0.5902574135595615,0
H51-BOUA,H51-BRGL,0.6040943688223899,0
H51-BOUA,H51-BRGP,0.29983373207732533,0
H51-BOUA,H51-CPTL,0.5810172113978643,0
H51-BOUA,H51-HFCA,0.5327427843381011,0
H51-BOUA,H51-HFCL,0.5835585829134134,0
H51-BOUA,H51-HFCP,0.2929868083058858,0
H51-BOUA,H51-HYDA,0.9617334967033845,1
H51-BOUA,H51-HYDL,0.5833739451798582,0
H51-BOUA,H51-HYDP,0.2967430494380125,0
H51-BOUA,H51-LFCL,0.5758449513557468,0
H51-BOUA,H51-LFCP,0.29983373207732533,0
H51-BOUA,H51-LRDL,0.6120699548496312,0
H51-BOUA,H51-LRRL,0.6598379227191058,0
H51-BOUA,H51-RESA,0.55206309653104,0
H51-BOUA,H51-RESP,0.2967430494380125,0
H51-BOUA,H51-RFCA,0.5191741316511651,0
H51-BOUA,H51-RFCP,0.29983373207732533,0
H51-BOUA,H51-TERL,0.899328198596713,0
H51-BOUA,H51-TERP,0.29983373207732533,0
H51-BOUA,H51-VEGA,0.8789756322400789,0
H51-BOUA,tianjin-latest-free.shp-gis_osm_buildings_a_free_1,0.5914961748546856,0
H51-BOUA,tianjin-latest-free.shp-gis_osm_landuse_a_free_1,0.5922685747620565,0
H51-BOUA,tianjin-latest-free.shp-gis_osm_natural_free_1,0.29983373207732533,0
H51-BOUA,tianjin-latest-free.shp-gis_osm_places_a_free_1,0.5777803215247219,0
H51-BOUA,tianjin-latest-free.shp-gis_osm_places_free_1,0.29983373207732533,0
H51-BOUA,tianjin-latest-free.shp-gis_osm_pofw_a_free_1,0.580776710364308,0
H51-BOUA,tianjin-latest-free.shp-gis_osm_pofw_free_1,0.3090331539840274,0
H51-BOUA,tianjin-latest-free.shp-gis_osm_pois_a_free_1,0.5876093775450646,0
H51-BOUA,tianjin-latest-free.shp-gis_osm_pois_free_1,0.29983373207732533,0
H51-BOUA,tianjin-latest-free.shp-gis_osm_railways_free_1,0.7502155823270249,0
H51-BOUA,tianjin-latest-free.shp-gis_osm_roads_free_1,0.5409079005404444,0
H51-BOUA,tianjin-latest-free.shp-gis_osm_traffic_a_free_1,0.5869812138982429,0
H51-BOUA,tianjin-latest-free.shp-gis_osm_traffic_free_1,0.28799314405104887,0
H51-BOUA,tianjin-latest-free.shp-gis_osm_transport_a_free_1,0.5824848771594971,0
H51-BOUA,tianjin-latest-free.shp-gis_osm_transport_free_1,0.2967430494380125,0
H51-BOUA,tianjin-latest-free.shp-gis_osm_water_a_free_1,0.6364476508604844,0
H51-BOUA,tianjin-latest-free.shp-gis_osm_waterways_free_1,0.5987182885113332,0
H51-BOUL,H51-AANP,0.6586011120296266,0
H51-BOUL,H51-AGNP,0.6568770253489208,0
H51-BOUL,H51-BOUA,0.6217949033809601,0
H51-BOUL,H51-BOUP,0.6625338315464466,0
H51-BOUL,H51-BRGA,0.9258327891058185,1
H51-BOUL,H51-BRGL,0.9421279329352287,1
H51-BOUL,H51-BRGP,0.6586011120296266,0
H51-BOUL,H51-CPTL,0.9424301582476036,1
H51-BOUL,H51-HFCA,0.8995830096824817,0
H51-BOUL,H51-HFCL,0.9587301587301589,1
H51-BOUL,H51-HFCP,0.6455065036862819,0
H51-BOUL,H51-HYDA,0.5802074754667357,0
H51-BOUL,H51-HYDL,0.9014644577457077,1
H51-BOUL,H51-HYDP,0.6568770253489208,0
H51-BOUL,H51-LFCL,0.8626221830852104,0
H51-BOUL,H51-LFCP,0.6573712302616691,0
H51-BOUL,H51-LRDL,0.9193697329864061,1
H51-BOUL,H51-LRRL,0.9207878746497293,1
H51-BOUL,H51-RESA,0.9027075674773933,1
H51-BOUL,H51-RESP,0.6568770253489208,0
H51-BOUL,H51-RFCA,0.8545578003665635,0
H51-BOUL,H51-RFCP,0.6586011120296266,0
H51-BOUL,H51-TERL,0.6523484050401608,0
H51-BOUL,H51-TERP,0.6586011120296266,0
H51-BOUL,H51-VEGA,0.7401909639255329,0
H51-BOUL,tianjin-latest-free.shp-gis_osm_buildings_a_free_1,0.7722389856931152,0
H51-BOUL,tianjin-latest-free.shp-gis_osm_landuse_a_free_1,0.7761865106871647,0
H51-BOUL,tianjin-latest-free.shp-gis_osm_natural_free_1,0.6586011120296266,0
H51-BOUL,tianjin-latest-free.shp-gis_osm_places_a_free_1,0.7772104813091654,0
H51-BOUL,tianjin-latest-free.shp-gis_osm_places_free_1,0.6573712302616691,0
H51-BOUL,tianjin-latest-free.shp-gis_osm_pofw_a_free_1,0.7805248117198654,0
H51-BOUL,tianjin-latest-free.shp-gis_osm_pofw_free_1,0.6625338315464466,0
H51-BOUL,tianjin-latest-free.shp-gis_osm_pois_a_free_1,0.7682733253465361,0
H51-BOUL,tianjin-latest-free.shp-gis_osm_pois_free_1,0.6573712302616691,0
H51-BOUL,tianjin-latest-free.shp-gis_osm_railways_free_1,0.8151923738621536,0
H51-BOUL,tianjin-latest-free.shp-gis_osm_roads_free_1,0.8177206745238951,0
H51-BOUL,tianjin-latest-free.shp-gis_osm_traffic_a_free_1,0.7772104813091654,0
H51-BOUL,tianjin-latest-free.shp-gis_osm_traffic_free_1,0.6410076600216331,0
H51-BOUL,tianjin-latest-free.shp-gis_osm_transport_a_free_1,0.7752385563321692,0
H51-BOUL,tianjin-latest-free.shp-gis_osm_transport_free_1,0.6551529386682149,0
H51-BOUL,tianjin-latest-free.shp-gis_osm_water_a_free_1,0.8186396114429162,0
H51-BOUL,tianjin-latest-free.shp-gis_osm_waterways_free_1,0.9207878746497293,1
H51-BOUP,H51-AANP,0.987252130115083,1
H51-BOUP,H51-AGNP,0.9856572155268518,1
H51-BOUP,H51-BOUA,0.2920378116368124,0
H51-BOUP,H51-BOUL,0.6610817276358169,0
H51-BOUP,H51-BRGA,0.6994896098482909,0
H51-BOUP,H51-BRGL,0.6935094392551117,0
H51-BOUP,H51-BRGP,0.987252130115083,1
H51-BOUP,H51-CPTL,0.691421356383712,0
H51-BOUP,H51-HFCA,0.7357277699488601,0
H51-BOUP,H51-HFCL,0.7011915310401359,0
H51-BOUP,H51-HFCP,0.9711987435832479,1
H51-BOUP,H51-HYDA,0.24707846545181067,0
H51-BOUP,H51-HYDL,0.7130250379948678,0
H51-BOUP,H51-HYDP,0.9856572155268518,1
H51-BOUP,H51-LFCL,0.7327368898279503,0
H51-BOUP,H51-LFCP,0.9824481715277259,1
H51-BOUP,H51-LRDL,0.6845261969658809,0
H51-BOUP,H51-LRRL,0.590455868203306,0
H51-BOUP,H51-RESA,0.7252388847475946,0
H51-BOUP,H51-RESP,0.9856572155268518,1
H51-BOUP,H51-RFCA,0.7679494545517724,0
H51-BOUP,H51-RFCP,0.9888470447033141,1
H51-BOUP,H51-TERL,0.369989751514484,0
H51-BOUP,H51-TERP,0.9888470447033141,1
H51-BOUP,H51-VEGA,0.4365345998506931,0
H51-BOUP,tianjin-latest-free.shp-gis_osm_buildings_a_free_1,0.7454414820281057,0
H51-BOUP,tianjin-latest-free.shp-gis_osm_landuse_a_free_1,0.7481770562928439,0
H51-BOUP,tianjin-latest-free.shp-gis_osm_natural_free_1,0.987252130115083,1
H51-BOUP,tianjin-latest-free.shp-gis_osm_places_a_free_1,0.7613888759851238,0
H51-BOUP,tianjin-latest-free.shp-gis_osm_places_free_1,0.9824481715277259,1
H51-BOUP,tianjin-latest-free.shp-gis_osm_pofw_a_free_1,0.7593743152420621,0
H51-BOUP,tianjin-latest-free.shp-gis_osm_pofw_free_1,1.0000000000000002,1
H51-BOUP,tianjin-latest-free.shp-gis_osm_pois_a_free_1,0.7502155823270249,0
H51-BOUP,tianjin-latest-free.shp-gis_osm_pois_free_1,0.9824481715277259,1
H51-BOUP,tianjin-latest-free.shp-gis_osm_railways_free_1,0.5610616548826468,0
H51-BOUP,tianjin-latest-free.shp-gis_osm_roads_free_1,0.7387317012080149,0
H51-BOUP,tianjin-latest-free.shp-gis_osm_traffic_a_free_1,0.7529101579897438,0
H51-BOUP,tianjin-latest-free.shp-gis_osm_traffic_free_1,0.9679583739650832,1
H51-BOUP,tianjin-latest-free.shp-gis_osm_transport_a_free_1,0.7559766672991446,0
H51-BOUP,tianjin-latest-free.shp-gis_osm_transport_free_1,0.9808506948260548,1
H51-BOUP,tianjin-latest-free.shp-gis_osm_water_a_free_1,0.6969511734449634,0
H51-BOUP,tianjin-latest-free.shp-gis_osm_waterways_free_1,0.6755057765007135,0
H51-BRGA,H51-AANP,0.6939494136524981,0
H51-BRGA,H51-AGNP,0.6922443782381185,0
H51-BRGA,H51-BOUA,0.5859138325360549,0
H51-BRGA,H51-BOUL,0.926023181944883,1
H51-BRGA,H51-BOUP,0.6977940381619046,0
H51-BRGA,H51-BRGL,0.9095565982999779,1
H51-BRGA,H51-BRGP,0.6939494136524981,0
H51-BRGA,H51-CPTL,0.9353065227023637,1
H51-BRGA,H51-HFCA,0.9419904294043493,1
H51-BRGA,H51-HFCL,0.9308546072419867,1
H51-BRGA,H51-HFCP,0.6814633695906308,0
H51-BRGA,H51-HYDA,0.5451338077457121,0
H51-BRGA,H51-HYDL,0.879777585583741,0
H51-BRGA,H51-HYDP,0.6922443782381185,0
H51-BRGA,H51-LFCL,0.8471993191117351,0
H51-BRGA,H51-LFCP,0.6918075520516023,0
H51-BRGA,H51-LRDL,0.8851235555611835,0
H51-BRGA,H51-LRRL,0.8721547122562577,0
H51-BRGA,H51-RESA,0.9615374228940048,1
H51-BRGA,H51-RESP,0.6922443782381185,0
H51-BRGA,H51-RFCA,0.9186981003364245,1
H51-BRGA,H51-RFCP,0.6939494136524981,0
H51-BRGA,H51-TERL,0.6229538883631525,0
H51-BRGA,H51-TERP,0.6939494136524981,0
H51-BRGA,H51-VEGA,0.7084846138596866,0
H51-BRGA,tianjin-latest-free.shp-gis_osm_buildings_a_free_1,0.8048577694106569,0
H51-BRGA,tianjin-latest-free.shp-gis_osm_landuse_a_free_1,0.8210179353082656,0
H51-BRGA,tianjin-latest-free.shp-gis_osm_natural_free_1,0.6939494136524981,0
H51-BRGA,tianjin-latest-free.shp-gis_osm_places_a_free_1,0.814835345064508,0
H51-BRGA,tianjin-latest-free.shp-gis_osm_places_free_1,0.6918075520516023,0
H51-BRGA,tianjin-latest-free.shp-gis_osm_pofw_a_free_1,0.813668115826866,0
H51-BRGA,tianjin-latest-free.shp-gis_osm_pofw_free_1,0.6977940381619046,0
H51-BRGA,tianjin-latest-free.shp-gis_osm_pois_a_free_1,0.8106097227429264,0
H51-BRGA,tianjin-latest-free.shp-gis_osm_pois_free_1,0.6918075520516023,0
H51-BRGA,tianjin-latest-free.shp-gis_osm_railways_free_1,0.783731608862329,0
H51-BRGA,tianjin-latest-free.shp-gis_osm_roads_free_1,0.8184728260708545,0
H51-BRGA,tianjin-latest-free.shp-gis_osm_traffic_a_free_1,0.8117594305062757,0
H51-BRGA,tianjin-latest-free.shp-gis_osm_traffic_free_1,0.6792901521980965,0
H51-BRGA,tianjin-latest-free.shp-gis_osm_transport_a_free_1,0.8155726394127811,0
H51-BRGA,tianjin-latest-free.shp-gis_osm_transport_free_1,0.689660143443125,0
H51-BRGA,tianjin-latest-free.shp-gis_osm_water_a_free_1,0.863485408072931,0
H51-BRGA,tianjin-latest-free.shp-gis_osm_waterways_free_1,0.8838229243296382,0
H51-BRGL,H51-AANP,0.6909361114969227,0
H51-BRGL,H51-AGNP,0.6892216298306773,0
H51-BRGL,H51-BOUA,0.6017062515663343,0
H51-BRGL,H51-BOUL,0.9421279329352287,1
H51-BRGL,H51-BOUP,0.6947940899203691,0
H51-BRGL,H51-BRGA,0.9097957667721553,1
H51-BRGL,H51-BRGP,0.6909361114969227,0
H51-BRGL,H51-CPTL,0.9242170250759654,1
H51-BRGL,H51-HFCA,0.8976989808456319,0
H51-BRGL,H51-HFCL,0.9502393712780217,1
H51-BRGL,H51-HFCP,0.6780216354007792,0
H51-BRGL,H51-HYDA,0.558687705267843,0
H51-BRGL,H51-HYDL,0.9503007585196174,1
H51-BRGL,H51-HYDP,0.6892216298306773,0
H51-BRGL,H51-LFCL,0.9149855276286857,1
H51-BRGL,H51-LFCP,0.689660143443125,0
H51-BRGL,H51-LRDL,0.9598431590246091,1
H51-BRGL,H51-LRRL,0.8846652388369839,0
H51-BRGL,H51-RESA,0.8963354175897652,0
H51-BRGL,H51-RESP,0.6892216298306773,0
H51-BRGL,H51-RFCA,0.8788650098334259,0
H51-BRGL,H51-RFCP,0.6909361114969227,0
H51-BRGL,H51-TERL,0.6482964103179933,0
H51-BRGL,H51-TERP,0.6909361114969227,0
H51-BRGL,H51-VEGA,0.72640373679697,0
H51-BRGL,tianjin-latest-free.shp-gis_osm_buildings_a_free_1,0.8231496315012369,0
H51-BRGL,tianjin-latest-free.shp-gis_osm_landuse_a_free_1,0.8269138195945605,0
H51-BRGL,tianjin-latest-free.shp-gis_osm_natural_free_1,0.6909361114969227,0
H51-BRGL,tianjin-latest-free.shp-gis_osm_places_a_free_1,0.8299544088013073,0
H51-BRGL,tianjin-latest-free.shp-gis_osm_places_free_1,0.689660143443125,0
H51-BRGL,tianjin-latest-free.shp-gis_osm_pofw_a_free_1,0.8332348610100081,0
H51-BRGL,tianjin-latest-free.shp-gis_osm_pofw_free_1,0.6947940899203691,0
H51-BRGL,tianjin-latest-free.shp-gis_osm_pois_a_free_1,0.8193693049160804,0
H51-BRGL,tianjin-latest-free.shp-gis_osm_pois_free_1,0.689660143443125,0
H51-BRGL,tianjin-latest-free.shp-gis_osm_railways_free_1,0.8210179353082656,0
H51-BRGL,tianjin-latest-free.shp-gis_osm_roads_free_1,0.8712919706037621,0
H51-BRGL,tianjin-latest-free.shp-gis_osm_traffic_a_free_1,0.8280786712108251,0
H51-BRGL,tianjin-latest-free.shp-gis_osm_traffic_free_1,0.6736565179592966,0
H51-BRGL,tianjin-latest-free.shp-gis_osm_transport_a_free_1,0.8280786712108251,0
H51-BRGL,tianjin-latest-free.shp-gis_osm_transport_free_1,0.6875071481644318,0
H51-BRGL,tianjin-latest-free.shp-gis_osm_water_a_free_1,0.8545578003665635,0
H51-BRGL,tianjin-latest-free.shp-gis_osm_waterways_free_1,0.954916541643174,1
H51-BRGP,H51-AANP,1.0000000000000002,1
H51-BRGP,H51-AGNP,0.9984114366459335,1
H51-BRGP,H51-BOUA,0.2961842416295624,0
H51-BRGP,H51-BOUL,0.6620473436277011,0
H51-BRGP,H51-BOUP,0.9872661531332735,1
H51-BRGP,H51-BRGA,0.6961287100802974,0
H51-BRGP,H51-BRGL,0.697094429660128,0
H51-BRGP,H51-CPTL,0.6876805461230123,0
H51-BRGP,H51-HFCA,0.7306770072260991,0
H51-BRGP,H51-HFCL,0.6991251058908884,0
H51-BRGP,H51-HFCP,0.9841029924901796,1
H51-BRGP,H51-HYDA,0.24535664332172594,0
H51-BRGP,H51-HYDL,0.713811322457733,0
H51-BRGP,H51-HYDP,0.9984114366459335,1
H51-BRGP,H51-LFCL,0.7309142145097679,0
H51-BRGP,H51-LFCP,0.9952317823890993,1
H51-BRGP,H51-LRDL,0.6866024778494761,0
H51-BRGP,H51-LRRL,0.595420014844339,0
H51-BRGP,H51-RESA,0.720575481780577,0
H51-BRGP,H51-RESP,0.9984114366459335,1
H51-BRGP,H51-RFCA,0.760657527956198,0
H51-BRGP,H51-RFCP,0.9984114366459335,1
H51-BRGP,H51-TERL,0.3667441646677916,0
H51-BRGP,H51-TERP,0.9984114366459335,1
H51-BRGP,H51-VEGA,0.4355607830392671,0
H51-BRGP,tianjin-latest-free.shp-gis_osm_buildings_a_free_1,0.7392882927231513,0
H51-BRGP,tianjin-latest-free.shp-gis_osm_landuse_a_free_1,0.7420314869076652,0
H51-BRGP,tianjin-latest-free.shp-gis_osm_natural_free_1,1.0000000000000002,1
H51-BRGP,tianjin-latest-free.shp-gis_osm_places_a_free_1,0.7559766672991446,0
H51-BRGP,tianjin-latest-free.shp-gis_osm_places_free_1,0.9952317823890993,1
H51-BRGP,tianjin-latest-free.shp-gis_osm_pofw_a_free_1,0.7546059015888198,0
H51-BRGP,tianjin-latest-free.shp-gis_osm_pofw_free_1,0.9872661531332735,1
H51-BRGP,tianjin-latest-free.shp-gis_osm_pois_a_free_1,0.7440850431505321,0
H51-BRGP,tianjin-latest-free.shp-gis_osm_pois_free_1,0.9952317823890993,1
H51-BRGP,tianjin-latest-free.shp-gis_osm_railways_free_1,0.5559033831778427,0
H51-BRGP,tianjin-latest-free.shp-gis_osm_roads_free_1,0.7398543761443612,0
H51-BRGP,tianjin-latest-free.shp-gis_osm_traffic_a_free_1,0.7464688894976548,0
H51-BRGP,tianjin-latest-free.shp-gis_osm_traffic_free_1,0.9808966940808007,1
H51-BRGP,tianjin-latest-free.shp-gis_osm_transport_a_free_1,0.7508801953847684,0
H51-BRGP,tianjin-latest-free.shp-gis_osm_transport_free_1,0.9936419552606822,1
H51-BRGP,tianjin-latest-free.shp-gis_osm_water_a_free_1,0.6905015950960496,0
H51-BRGP,tianjin-latest-free.shp-gis_osm_waterways_free_1,0.680377536862523,0
H51-CPTL,H51-AANP,0.6818486929018635,0
H51-CPTL,H51-AGNP,0.6801181124630262,0
H51-CPTL,H51-BOUA,0.5784703273365958,0
H51-CPTL,H51-BOUL,0.9421279329352287,1
H51-CPTL,H51-BOUP,0.6874751131994873,0
H51-CPTL,H51-BRGA,0.936121347179264,1
H51-CPTL,H51-BRGL,0.9244127068458483,1
H51-CPTL,H51-BRGP,0.6818486929018635,0
H51-CPTL,H51-HFCA,0.9392300558426881,1
H51-CPTL,H51-HFCL,0.9600834977043305,1
H51-CPTL,H51-HFCP,0.6728590341160017,0
H51-CPTL,H51-HYDA,0.5380770594253792,0
H51-CPTL,H51-HYDL,0.8949907453022915,0
H51-CPTL,H51-HYDP,0.6801181124630262,0
H51-CPTL,H51-LFCL,0.8563879755405052,0
H51-CPTL,H51-LFCP,0.6801181124630262,0
H51-CPTL,H51-LRDL,0.8995830096824817,0
H51-CPTL,H51-LRRL,0.8776748659459097,0
H51-CPTL,H51-RESA,0.9329263937759218,1
H51-CPTL,H51-RESP,0.6801181124630262,0
H51-CPTL,H51-RFCA,0.8930878254970487,0
H51-CPTL,H51-RFCP,0.6822931399844158,0
H51-CPTL,H51-TERL,0.6039331445247524,0
H51-CPTL,H51-TERP,0.6822931399844158,0
H51-CPTL,H51-VEGA,0.6990768079930321,0
H51-CPTL,tianjin-latest-free.shp-gis_osm_buildings_a_free_1,0.779501046879456,0
H51-CPTL,tianjin-latest-free.shp-gis_osm_landuse_a_free_1,0.7918304013121705,0
H51-CPTL,tianjin-latest-free.shp-gis_osm_natural_free_1,0.6818486929018635,0
H51-CPTL,tianjin-latest-free.shp-gis_osm_places_a_free_1,0.7893297629345913,0
H51-CPTL,tianjin-latest-free.shp-gis_osm_places_free_1,0.6801181124630262,0
H51-CPTL,tianjin-latest-free.shp-gis_osm_pofw_a_free_1,0.790430169621836,0
H51-CPTL,tianjin-latest-free.shp-gis_osm_pofw_free_1,0.6874751131994873,0
H51-CPTL,tianjin-latest-free.shp-gis_osm_pois_a_free_1,0.7828682220279634,0
H51-CPTL,tianjin-latest-free.shp-gis_osm_pois_free_1,0.6801181124630262,0
H51-CPTL,tianjin-latest-free.shp-gis_osm_railways_free_1,0.7693995214339339,0
H51-CPTL,tianjin-latest-free.shp-gis_osm_roads_free_1,0.8186396114429162,0
H51-CPTL,tianjin-latest-free.shp-gis_osm_traffic_a_free_1,0.7867975809648474,0
H51-CPTL,tianjin-latest-free.shp-gis_osm_traffic_free_1,0.6702018691492488,0
H51-CPTL,tianjin-latest-free.shp-gis_osm_transport_a_free_1,0.7884751877472884,0
H51-CPTL,tianjin-latest-free.shp-gis_osm_transport_free_1,0.678838491174368,0
H51-CPTL,tianjin-latest-free.shp-gis_osm_water_a_free_1,0.8098056232160222,0
H51-CPTL,tianjin-latest-free.shp-gis_osm_waterways_free_1,0.897447076663162,0
H51-HFCA,H51-AANP,0.7306770072260991,0
H51-HFCA,H51-AGNP,0.7289934196518454,0
H51-HFCA,H51-BOUA,0.5128120420545821,0
H51-HFCA,H51-BOUL,0.8989617563513141,0
H51-HFCA,H51-BOUP,0.7353584970929099,0
H51-HFCA,H51-BRGA,0.9420580280052104,1
H51-HFCA,H51-BRGL,0.8972036790796741,0
H51-HFCA,H51-BRGP,0.7306770072260991,0
H51-HFCA,H51-CPTL,0.9391459797686192,1
H51-HFCA,H51-HFCL,0.9305961637410807,1
H51-HFCA,H51-HFCP,0.7193889670630474,0
H51-HFCA,H51-HYDA,0.47312776174583615,0
H51-HFCA,H51-HYDL,0.8769256110103925,0
H51-HFCA,H51-HYDP,0.7289934196518454,0
H51-HFCA,H51-LFCL,0.8459487173303013,0
H51-HFCA,H51-LFCP,0.7289934196518454,0
H51-HFCA,H51-LRDL,0.8698608212378087,0
H51-HFCA,H51-LRRL,0.8433001854748222,0
H51-HFCA,H51-RESA,0.9744311822967582,1
H51-HFCA,H51-RESP,0.7289934196518454,0
H51-HFCA,H51-RFCA,0.9353778233677709,1
H51-HFCA,H51-RFCP,0.7302986909202522,0
H51-HFCA,H51-TERL,0.5500721453403772,0
H51-HFCA,H51-TERP,0.7302986909202522,0
H51-HFCA,H51-VEGA,0.6436813687236749,0
H51-HFCA,tianjin-latest-free.shp-gis_osm_buildings_a_free_1,0.7888106377466156,0
H51-HFCA,tianjin-latest-free.shp-gis_osm_landuse_a_free_1,0.8006838894032171,0
H51-HFCA,tianjin-latest-free.shp-gis_osm_natural_free_1,0.7306770072260991,0
H51-HFCA,tianjin-latest-free.shp-gis_osm_places_a_free_1,0.7995857402098571,0
H51-HFCA,tianjin-latest-free.shp-gis_osm_places_free_1,0.7289934196518454,0
H51-HFCA,tianjin-latest-free.shp-gis_osm_pofw_a_free_1,0.7998659078259269,0
H51-HFCA,tianjin-latest-free.shp-gis_osm_pofw_free_1,0.7353584970929099,0
H51-HFCA,tianjin-latest-free.shp-gis_osm_pois_a_free_1,0.7918389536840358,0
H51-HFCA,tianjin-latest-free.shp-gis_osm_pois_free_1,0.7289934196518454,0
H51-HFCA,tianjin-latest-free.shp-gis_osm_railways_free_1,0.7303049451893056,0
H51-HFCA,tianjin-latest-free.shp-gis_osm_roads_free_1,0.8257303305182603,0
H51-HFCA,tianjin-latest-free.shp-gis_osm_traffic_a_free_1,0.7965742785756145,0
H51-HFCA,tianjin-latest-free.shp-gis_osm_traffic_free_1,0.7180939363692389,0
H51-HFCA,tianjin-latest-free.shp-gis_osm_transport_a_free_1,0.7976554992806395,0
H51-HFCA,tianjin-latest-free.shp-gis_osm_transport_free_1,0.7273098320775917,0
H51-HFCA,tianjin-latest-free.shp-gis_osm_water_a_free_1,0.8239229734193714,0
H51-HFCA,tianjin-latest-free.shp-gis_osm_waterways_free_1,0.8665407417674355,0
H51-HFCL,H51-AANP,0.7004378082196491,0
H51-HFCL,H51-AGNP,0.6987661189398885,0
H51-HFCL,H51-BOUA,0.5727206988359516,0
H51-HFCL,H51-BOUL,0.9582786214580388,1
H51-HFCL,H51-BOUP,0.7067449421477876,0
H51-HFCL,H51-BRGA,0.9305961637410807,1
H51-HFCL,H51-BRGL,0.9500692495536147,1
H51-HFCL,H51-BRGP,0.7004378082196491,0
H51-HFCL,H51-CPTL,0.9601385821151533,1
H51-HFCL,H51-HFCA,0.9307662365736411,1
H51-HFCL,H51-HFCP,0.688277118039353,0
H51-HFCL,H51-HYDA,0.5277289302859255,0
H51-HFCL,H51-HYDL,0.9191667692366137,1
H51-HFCL,H51-HYDP,0.6987661189398885,0
H51-HFCL,H51-LFCL,0.8754227382503796,0
H51-HFCL,H51-LFCP,0.6983249591786136,0
H51-HFCL,H51-LRDL,0.9225040231868104,1
H51-HFCL,H51-LRRL,0.8952777492172805,0
H51-HFCL,H51-RESA,0.9240300854759608,1
H51-HFCL,H51-RESP,0.6987661189398885,0
H51-HFCL,H51-RFCA,0.887923674339146,0
H51-HFCL,H51-RFCP,0.7008766440504623,0
H51-HFCL,H51-TERL,0.6027570321242082,0
H51-HFCL,H51-TERP,0.7008766440504623,0
H51-HFCL,H51-VEGA,0.6939368534969832,0
H51-HFCL,tianjin-latest-free.shp-gis_osm_buildings_a_free_1,0.7814590268710259,0
H51-HFCL,tianjin-latest-free.shp-gis_osm_landuse_a_free_1,0.7873688808189773,0
H51-HFCL,tianjin-latest-free.shp-gis_osm_natural_free_1,0.7004378082196491,0
H51-HFCL,tianjin-latest-free.shp-gis_osm_places_a_free_1,0.7912861598992317,0
H51-HFCL,tianjin-latest-free.shp-gis_osm_places_free_1,0.6983249591786136,0
H51-HFCL,tianjin-latest-free.shp-gis_osm_pofw_a_free_1,0.7924377791933483,0
H51-HFCL,tianjin-latest-free.shp-gis_osm_pofw_free_1,0.7067449421477876,0
H51-HFCL,tianjin-latest-free.shp-gis_osm_pois_a_free_1,0.7794799058650054,0
H51-HFCL,tianjin-latest-free.shp-gis_osm_pois_free_1,0.6983249591786136,0
H51-HFCL,tianjin-latest-free.shp-gis_osm_railways_free_1,0.7803823284825754,0
H51-HFCL,tianjin-latest-free.shp-gis_osm_roads_free_1,0.8371257844380785,0
H51-HFCL,tianjin-latest-free.shp-gis_osm_traffic_a_free_1,0.7873688808189773,0
H51-HFCL,tianjin-latest-free.shp-gis_osm_traffic_free_1,0.6849278376595994,0
H51-HFCL,tianjin-latest-free.shp-gis_osm_transport_a_free_1,0.7890585136104342,0
H51-HFCL,tianjin-latest-free.shp-gis_osm_transport_free_1,0.6962068147130313,0
H51-HFCL,tianjin-latest-free.shp-gis_osm_water_a_free_1,0.8198241328914336,0
H51-HFCL,tianjin-latest-free.shp-gis_osm_waterways_free_1,0.9195812815487446,1
H51-HFCP,H51-AANP,0.9840314895115047,1
H51-HFCP,H51-AGNP,0.9856315407139623,1
H51-HFCP,H51-BOUA,0.28680078409008886,0
H51-HFCP,H51-BOUL,0.6455065036862819,0
H51-HFCP,H51-BOUP,0.9711987435832479,1
H51-HFCP,H51-BRGA,0.6832667180756565,0
H51-HFCP,H51-BRGL,0.6780216354007792,0
H51-HFCP,H51-BRGP,0.9840314895115047,1
H51-HFCP,H51-CPTL,0.6742583040113926,0
H51-HFCP,H51-HFCA,0.7201790785749369,0
H51-HFCP,H51-HFCL,0.6810142388788024,0
H51-HFCP,H51-HYDA,0.24343979454577497,0
H51-HFCP,H51-HYDL,0.6952303063500375,0
H51-HFCP,H51-HYDP,0.9856315407139623,1
H51-HFCP,H51-LFCL,0.7137718858122131,0
H51-HFCP,H51-LFCP,0.9888380783344103,1
H51-HFCP,H51-LRDL,0.667064881973732,0
H51-HFCP,H51-LRRL,0.5767635656249458,0
H51-HFCP,H51-RESA,0.710925567450541,0
H51-HFCP,H51-RESP,0.9856315407139623,1
H51-HFCP,H51-RFCA,0.7515678385335856,0
H51-HFCP,H51-RFCP,0.9824172109183679,1
H51-HFCP,H51-TERL,0.36859953531361656,0
H51-HFCP,H51-TERP,0.9824172109183679,1
H51-HFCP,H51-VEGA,0.4309497054661686,0
H51-HFCP,tianjin-latest-free.shp-gis_osm_buildings_a_free_1,0.7292886659385656,0
H51-HFCP,tianjin-latest-free.shp-gis_osm_landuse_a_free_1,0.7320355256281428,0
H51-HFCP,tianjin-latest-free.shp-gis_osm_natural_free_1,0.9840314895115047,1
H51-HFCP,tianjin-latest-free.shp-gis_osm_places_a_free_1,0.7461335546928102,0
H51-HFCP,tianjin-latest-free.shp-gis_osm_places_free_1,0.9888380783344103,1
H51-HFCP,tianjin-latest-free.shp-gis_osm_pofw_a_free_1,0.7440850431505321,0
H51-HFCP,tianjin-latest-free.shp-gis_osm_pofw_free_1,0.9711987435832479,1
H51-HFCP,tianjin-latest-free.shp-gis_osm_pois_a_free_1,0.7355126348193048,0
H51-HFCP,tianjin-latest-free.shp-gis_osm_pois_free_1,0.9888380783344103,1
H51-HFCP,tianjin-latest-free.shp-gis_osm_railways_free_1,0.5424430095730449,0
H51-HFCP,tianjin-latest-free.shp-gis_osm_roads_free_1,0.71744217774779,0
H51-HFCP,tianjin-latest-free.shp-gis_osm_traffic_a_free_1,0.7365311166282575,0
H51-HFCP,tianjin-latest-free.shp-gis_osm_traffic_free_1,0.9968203417119826,1
H51-HFCP,tianjin-latest-free.shp-gis_osm_transport_a_free_1,0.7406560798180412,0
H51-HFCP,tianjin-latest-free.shp-gis_osm_transport_free_1,0.9904419592915452,1
H51-HFCP,tianjin-latest-free.shp-gis_osm_water_a_free_1,0.6831842366855566,0
H51-HFCP,tianjin-latest-free.shp-gis_osm_waterways_free_1,0.6561534731650367,0
H51-HYDA,H51-AANP,0.254680717324783,0
H51-HYDA,H51-AGNP,0.2527941934927475,0
H51-HYDA,H51-BOUA,0.9616307726770964,1
H51-HYDA,H51-BOUL,0.5757613360338019,0
H51-HYDA,H51-BOUP,0.26164083021631235,0
H51-HYDA,H51-BRGA,0.538850671761303,0
H51-HYDA,H51-BRGL,0.5485139501408625,0
H51-HYDA,H51-BRGP,0.254680717324783,0
H51-HYDA,H51-CPTL,0.5394939033881396,0
H51-HYDA,H51-HFCA,0.4797350513460339,0
H51-HYDA,H51-HFCL,0.5299002577700086,0
H51-HYDA,H51-HFCP,0.2554243969846184,0
H51-HYDA,H51-HYDL,0.5266264473422627,0
H51-HYDA,H51-HYDP,0.2527941934927475,0
H51-HYDA,H51-LFCL,0.5182674893104819,0
H51-HYDA,H51-LFCP,0.2559939058231545,0
H51-HYDA,H51-LRDL,0.5574765963849941,0
H51-HYDA,H51-LRRL,0.6307180434276876,0
H51-HYDA,H51-RESA,0.5013772341135241,0
H51-HYDA,H51-RESP,0.2527941934927475,0
H51-HYDA,H51-RFCA,0.46650439782622277,0
H51-HYDA,H51-RFCP,0.254680717324783,0
H51-HYDA,H51-TERL,0.8822981080162957,0
H51-HYDA,H51-TERP,0.254680717324783,0
H51-HYDA,H51-VEGA,0.8428657903395899,0
H51-HYDA,tianjin-latest-free.shp-gis_osm_buildings_a_free_1,0.5438291349387164,0
H51-HYDA,tianjin-latest-free.shp-gis_osm_landuse_a_free_1,0.5441257680457134,0
H51-HYDA,tianjin-latest-free.shp-gis_osm_natural_free_1,0.254680717324783,0
H51-HYDA,tianjin-latest-free.shp-gis_osm_places_a_free_1,0.5291772589866003,0
H51-HYDA,tianjin-latest-free.shp-gis_osm_places_free_1,0.2559939058231545,0
H51-HYDA,tianjin-latest-free.shp-gis_osm_pofw_a_free_1,0.5302387991888489,0
H51-HYDA,tianjin-latest-free.shp-gis_osm_pofw_free_1,0.26164083021631235,0
H51-HYDA,tianjin-latest-free.shp-gis_osm_pois_a_free_1,0.5394957659999493,0
H51-HYDA,tianjin-latest-free.shp-gis_osm_pois_free_1,0.2559939058231545,0
H51-HYDA,tianjin-latest-free.shp-gis_osm_railways_free_1,0.7124389772992958,0
H51-HYDA,tianjin-latest-free.shp-gis_osm_roads_free_1,0.49225805845660314,0
H51-HYDA,tianjin-latest-free.shp-gis_osm_traffic_a_free_1,0.535966245399078,0
H51-HYDA,tianjin-latest-free.shp-gis_osm_traffic_free_1,0.25034698142999673,0
H51-HYDA,tianjin-latest-free.shp-gis_osm_transport_a_free_1,0.5327407422120992,0
H51-HYDA,tianjin-latest-free.shp-gis_osm_transport_free_1,0.2559939058231545,0
H51-HYDA,tianjin-latest-free.shp-gis_osm_water_a_free_1,0.5939704864664209,0
H51-HYDA,tianjin-latest-free.shp-gis_osm_waterways_free_1,0.5527736930791558,0
H51-HYDL,H51-AANP,0.7133967208875045,0
H51-HYDL,H51-AGNP,0.7117220806976278,0
H51-HYDL,H51-BOUA,0.5706628093600347,0
H51-HYDL,H51-BOUL,0.9014644577457077,1
H51-HYDL,H51-BOUP,0.7158954292801152,0
H51-HYDL,H51-BRGA,0.879777585583741,0
H51-HYDL,H51-BRGL,0.9505690945857664,1
H51-HYDL,H51-BRGP,0.7133967208875045,0
H51-HYDL,H51-CPTL,0.8961844296374866,0
H51-HYDL,H51-HFCA,0.8791466186007529,0
H51-HYDL,H51-HFCL,0.9195812815487446,1
H51-HYDL,H51-HFCP,0.7016742395583672,0
H51-HYDL,H51-HYDA,0.525176207131779,0
H51-HYDL,H51-HYDP,0.7117220806976278,0
H51-HYDL,H51-LFCL,0.955062921386032,1
H51-HYDL,H51-LFCP,0.7121396331779725,0
H51-HYDL,H51-LRDL,0.9696683579143571,1
H51-HYDL,H51-LRRL,0.8493957424325842,0
H51-HYDL,H51-RESA,0.8753969230824892,0
H51-HYDL,H51-RESP,0.7117220806976278,0
H51-HYDL,H51-RFCA,0.8728775036767419,0
H51-HYDL,H51-RFCP,0.7129828825374417,0
H51-HYDL,H51-TERL,0.6256020508344551,0
H51-HYDL,H51-TERP,0.7129828825374417,0
H51-HYDL,H51-VEGA,0.6943650748294137,0
H51-HYDL,tianjin-latest-free.shp-gis_osm_buildings_a_free_1,0.8332348610100081,0
H51-HYDL,tianjin-latest-free.shp-gis_osm_landuse_a_free_1,0.8321156949789633,0
H51-HYDL,tianjin-latest-free.shp-gis_osm_natural_free_1,0.7133967208875045,0
H51-HYDL,tianjin-latest-free.shp-gis_osm_places_a_free_1,0.8362937373934721,0
H51-HYDL,tianjin-latest-free.shp-gis_osm_places_free_1,0.7121396331779725,0
H51-HYDL,tianjin-latest-free.shp-gis_osm_pofw_a_free_1,0.839579763866531,0
H51-HYDL,tianjin-latest-free.shp-gis_osm_pofw_free_1,0.7158954292801152,0
H51-HYDL,tianjin-latest-free.shp-gis_osm_pois_a_free_1,0.8271527783091086,0
H51-HYDL,tianjin-latest-free.shp-gis_osm_pois_free_1,0.7121396331779725,0
H51-HYDL,tianjin-latest-free.shp-gis_osm_railways_free_1,0.8220273233961092,0
H51-HYDL,tianjin-latest-free.shp-gis_osm_roads_free_1,0.9035522292107693,1
H51-HYDL,tianjin-latest-free.shp-gis_osm_traffic_a_free_1,0.8381555393230593,0
H51-HYDL,tianjin-latest-free.shp-gis_osm_traffic_free_1,0.6978844214954723,0
H51-HYDL,tianjin-latest-free.shp-gis_osm_transport_a_free_1,0.8344280149542077,0
H51-HYDL,tianjin-latest-free.shp-gis_osm_transport_free_1,0.710047440507751,0
H51-HYDL,tianjin-latest-free.shp-gis_osm_water_a_free_1,0.840593476467589,0
H51-HYDL,tianjin-latest-free.shp-gis_osm_waterways_free_1,0.9581094416255995,1
H51-HYDP,H51-AANP,0.9984114366459335,1
H51-HYDP,H51-AGNP,1.0000000000000002,1
H51-HYDP,H51-BOUA,0.2979597712518421,0
H51-HYDP,H51-BOUL,0.6618378496980037,0
H51-HYDP,H51-BOUP,0.9856315407139623,1
H51-HYDP,H51-BRGA,0.6948800477116488,0
H51-HYDP,H51-BRGL,0.69497567879886,0
H51-HYDP,H51-BRGP,0.9984114366459335,1
H51-HYDP,H51-CPTL,0.6887359832613256,0
H51-HYDP,H51-HFCA,0.7324670207647145,0
H51-HYDP,H51-HFCL,0.7014255560061241,0
H51-HYDP,H51-HFCP,0.9856928196185967,1
H51-HYDP,H51-HYDA,0.24881392527020954,0
H51-HYDP,H51-HYDL,0.7121396331779725,0
H51-HYDP,H51-LFCL,0.7308098555593644,0
H51-HYDP,H51-LFCP,0.9968253968253971,1
H51-HYDP,H51-LRDL,0.6830738333087809,0
H51-HYDP,H51-LRRL,0.5998196409672466,0
H51-HYDP,H51-RESA,0.7221172848061962,0
H51-HYDP,H51-RESP,1.0000000000000002,1
H51-HYDP,H51-RFCA,0.7629748253988725,0
H51-HYDP,H51-RFCP,0.9968203417119826,1
H51-HYDP,H51-TERL,0.38461600003889485,0
H51-HYDP,H51-TERP,0.9968203417119826,1
H51-HYDP,H51-VEGA,0.4463397829577606,0
H51-HYDP,tianjin-latest-free.shp-gis_osm_buildings_a_free_1,0.7429619451845781,0
H51-HYDP,tianjin-latest-free.shp-gis_osm_landuse_a_free_1,0.746293613100204,0
H51-HYDP,tianjin-latest-free.shp-gis_osm_natural_free_1,0.9984114366459335,1
H51-HYDP,tianjin-latest-free.shp-gis_osm_places_a_free_1,0.7582957496926851,0
H51-HYDP,tianjin-latest-free.shp-gis_osm_places_free_1,0.9968253968253971,1
H51-HYDP,tianjin-latest-free.shp-gis_osm_pofw_a_free_1,0.756978119245116,0
H51-HYDP,tianjin-latest-free.shp-gis_osm_pofw_free_1,0.9856315407139623,1
H51-HYDP,tianjin-latest-free.shp-gis_osm_pois_a_free_1,0.7483181740388339,0
H51-HYDP,tianjin-latest-free.shp-gis_osm_pois_free_1,0.9968253968253971,1
H51-HYDP,tianjin-latest-free.shp-gis_osm_railways_free_1,0.5641692230609328,0
H51-HYDP,tianjin-latest-free.shp-gis_osm_roads_free_1,0.7374385163807645,0
H51-HYDP,tianjin-latest-free.shp-gis_osm_traffic_a_free_1,0.7503379603043694,0
H51-HYDP,tianjin-latest-free.shp-gis_osm_traffic_free_1,0.9824890588439189,1
H51-HYDP,tianjin-latest-free.shp-gis_osm_transport_a_free_1,0.7533069618657595,0
H51-HYDP,tianjin-latest-free.shp-gis_osm_transport_free_1,0.9952380952380954,1
H51-HYDP,tianjin-latest-free.shp-gis_osm_water_a_free_1,0.6957639274971822,0
H51-HYDP,tianjin-latest-free.shp-gis_osm_waterways_free_1,0.6768022048499812,0
H51-LFCL,H51-AANP,0.7241164058964481,0
H51-LFCL,H51-AGNP,0.722021601299964,0
H51-LFCL,H51-BOUA,0.5758449513557468,0
H51-LFCL,H51-BOUL,0.8632146530825343,0
H51-LFCL,H51-BOUP,0.7290203997686631,0
H51-LFCL,H51-BRGA,0.8501105834910033,0
H51-LFCL,H51-BRGL,0.9144118826325401,1
H51-LFCL,H51-BRGP,0.7241164058964481,0
H51-LFCL,H51-CPTL,0.8567732504487777,0
H51-LFCL,H51-HFCA,0.8469815561579345,0
H51-LFCL,H51-HFCL,0.877018028495605,0
H51-LFCL,H51-HFCP,0.7129991408009334,0
H51-LFCL,H51-HYDA,0.5371978899624134,0
H51-LFCL,H51-HYDL,0.9552305678672655,1
H51-LFCL,H51-HYDP,0.722021601299964,0
H51-LFCL,H51-LFCP,0.7241164058964481,0
H51-LFCL,H51-LRDL,0.9339924626969467,1
H51-LFCL,H51-LRRL,0.8099970605472826,0
H51-LFCL,H51-RESA,0.8467715586730746,0
H51-LFCL,H51-RESP,0.722021601299964,0
H51-LFCL,H51-RFCA,0.8598491117027746,0
H51-LFCL,H51-RFCP,0.7262059140587025,0
H51-LFCL,H51-TERL,0.6410933158067303,0
H51-LFCL,H51-TERP,0.7262059140587025,0
H51-LFCL,H51-VEGA,0.6948800477116488,0
H51-LFCL,tianjin-latest-free.shp-gis_osm_buildings_a_free_1,0.8672913960169106,0
H51-LFCL,tianjin-latest-free.shp-gis_osm_landuse_a_free_1,0.8638594966625998,0
H51-LFCL,tianjin-latest-free.shp-gis_osm_natural_free_1,0.7241164058964481,0
H51-LFCL,tianjin-latest-free.shp-gis_osm_places_a_free_1,0.8698288428365686,0
H51-LFCL,tianjin-latest-free.shp-gis_osm_places_free_1,0.7241164058964481,0
H51-LFCL,tianjin-latest-free.shp-gis_osm_pofw_a_free_1,0.8736022729407494,0
H51-LFCL,tianjin-latest-free.shp-gis_osm_pofw_free_1,0.7290203997686631,0
H51-LFCL,tianjin-latest-free.shp-gis_osm_pois_a_free_1,0.8620450644378711,0
H51-LFCL,tianjin-latest-free.shp-gis_osm_pois_free_1,0.7241164058964481,0
H51-LFCL,tianjin-latest-free.shp-gis_osm_railways_free_1,0.8323663398128229,0
H51-LFCL,tianjin-latest-free.shp-gis_osm_roads_free_1,0.9351068047755231,1
H51-LFCL,tianjin-latest-free.shp-gis_osm_traffic_a_free_1,0.8723327517503348,0
H51-LFCL,tianjin-latest-free.shp-gis_osm_traffic_free_1,0.7091466767453749,0
H51-LFCL,tianjin-latest-free.shp-gis_osm_transport_a_free_1,0.868373061326174,0
H51-LFCL,tianjin-latest-free.shp-gis_osm_transport_free_1,0.722021601299964,0
H51-LFCL,tianjin-latest-free.shp-gis_osm_water_a_free_1,0.8375042392301184,0
H51-LFCL,tianjin-latest-free.shp-gis_osm_waterways_free_1,0.9229059206659636,1
H51-LFCP,H51-AANP,0.9952317823890993,1
H51-LFCP,H51-AGNP,0.9968253968253971,1
H51-LFCP,H51-BOUA,0.30104240500852,0
H51-LFCP,H51-BOUL,0.6618378496980037,0
H51-LFCP,H51-BOUP,0.9824314383090469,1
H51-LFCP,H51-BRGA,0.6948800477116488,0
H51-LFCP,H51-BRGL,0.69497567879886,0
H51-LFCP,H51-BRGP,0.9952317823890993,1
H51-LFCP,H51-CPTL,0.6887359832613256,0
H51-LFCP,H51-HFCA,0.7324670207647145,0
H51-LFCP,H51-HFCL,0.7014255560061241,0
H51-LFCP,H51-HFCP,0.9888724738754309,1
H51-LFCP,H51-HYDA,0.25204044142283877,0
H51-LFCP,H51-HYDL,0.7121396331779725,0
H51-LFCP,H51-HYDP,0.9968253968253971,1
H51-LFCP,H51-LFCL,0.7328573615818702,0
H51-LFCP,H51-LRDL,0.6852201427212496,0
H51-LFCP,H51-LRRL,0.5998196409672466,0
H51-LFCP,H51-RESA,0.7221172848061962,0
H51-LFCP,H51-RESP,0.9968253968253971,1
H51-LFCP,H51-RFCA,0.7629748253988725,0
H51-LFCP,H51-RFCP,0.9936356121857463,1
H51-LFCP,H51-TERL,0.38741353341407475,0
H51-LFCP,H51-TERP,0.9936356121857463,1
H51-LFCP,H51-VEGA,0.44901681865005866,0
H51-LFCP,tianjin-latest-free.shp-gis_osm_buildings_a_free_1,0.7449923154875502,0
H51-LFCP,tianjin-latest-free.shp-gis_osm_landuse_a_free_1,0.746293613100204,0
H51-LFCP,tianjin-latest-free.shp-gis_osm_natural_free_1,0.9952317823890993,1
H51-LFCP,tianjin-latest-free.shp-gis_osm_places_a_free_1,0.7602981987154893,0
H51-LFCP,tianjin-latest-free.shp-gis_osm_places_free_1,1.0000000000000002,1
H51-LFCP,tianjin-latest-free.shp-gis_osm_pofw_a_free_1,0.758981664050315,0
H51-LFCP,tianjin-latest-free.shp-gis_osm_pofw_free_1,0.9824314383090469,1
H51-LFCP,tianjin-latest-free.shp-gis_osm_pois_a_free_1,0.7503379603043694,0
H51-LFCP,tianjin-latest-free.shp-gis_osm_pois_free_1,1.0000000000000002,1
H51-LFCP,tianjin-latest-free.shp-gis_osm_railways_free_1,0.5665624048478186,0
H51-LFCP,tianjin-latest-free.shp-gis_osm_roads_free_1,0.7374385163807645,0
H51-LFCP,tianjin-latest-free.shp-gis_osm_traffic_a_free_1,0.7523530032289149,0
H51-LFCP,tianjin-latest-free.shp-gis_osm_traffic_free_1,0.9856737883701553,1
H51-LFCP,tianjin-latest-free.shp-gis_osm_transport_a_free_1,0.7553180795099294,0
H51-LFCP,tianjin-latest-free.shp-gis_osm_transport_free_1,0.9984126984126986,1
H51-LFCP,tianjin-latest-free.shp-gis_osm_water_a_free_1,0.6957639274971822,0
H51-LFCP,tianjin-latest-free.shp-gis_osm_waterways_free_1,0.6746408230210182,0
H51-LRDL,H51-AANP,0.6806492214994498,0
H51-LRDL,H51-AGNP,0.6789347398332044,0
H51-LRDL,H51-BOUA,0.6056768077248988,0
H51-LRDL,H51-BOUL,0.9192671669651022,1
H51-LRDL,H51-BOUP,0.6845261969658809,0
H51-LRDL,H51-BRGA,0.8832690544515674,0
H51-LRDL,H51-BRGL,0.9598864714940423,1
H51-LRDL,H51-BRGP,0.6806492214994498,0
H51-LRDL,H51-CPTL,0.8987282403815899,0
H51-LRDL,H51-HFCA,0.8697120111606892,0
H51-LRDL,H51-HFCL,0.9223161543314975,1
H51-LRDL,H51-HFCP,0.6708356730265632,0
H51-LRDL,H51-HYDA,0.5647558602970663,0
H51-LRDL,H51-HYDL,0.9694584179118517,1
H51-LRDL,H51-HYDP,0.6789347398332044,0
H51-LRDL,H51-LFCL,0.9339116092550839,1
H51-LRDL,H51-LFCP,0.6815585512804674,0
H51-LRDL,H51-LRRL,0.8758807397231188,0
H51-LRDL,H51-RESA,0.8677520354910487,0
H51-LRDL,H51-RESP,0.6789347398332044,0
H51-LRDL,H51-RFCA,0.8597344355068381,0
H51-LRDL,H51-RFCP,0.6801955296653597,0
H51-LRDL,H51-TERL,0.6489676645639564,0
H51-LRDL,H51-TERP,0.6801955296653597,0
H51-LRDL,H51-VEGA,0.7233165065341207,0
H51-LRDL,tianjin-latest-free.shp-gis_osm_buildings_a_free_1,0.8233797086525824,0
H51-LRDL,tianjin-latest-free.shp-gis_osm_landuse_a_free_1,0.8238441671958722,0
H51-LRDL,tianjin-latest-free.shp-gis_osm_natural_free_1,0.6806492214994498,0
H51-LRDL,tianjin-latest-free.shp-gis_osm_places_a_free_1,0.8273817911792968,0
H51-LRDL,tianjin-latest-free.shp-gis_osm_places_free_1,0.6815585512804674,0
H51-LRDL,tianjin-latest-free.shp-gis_osm_pofw_a_free_1,0.8306847125013699,0
H51-LRDL,tianjin-latest-free.shp-gis_osm_pofw_free_1,0.6845261969658809,0
H51-LRDL,tianjin-latest-free.shp-gis_osm_pois_a_free_1,0.8181612036157918,0
H51-LRDL,tianjin-latest-free.shp-gis_osm_pois_free_1,0.6815585512804674,0
H51-LRDL,tianjin-latest-free.shp-gis_osm_railways_free_1,0.8383200662692623,0
H51-LRDL,tianjin-latest-free.shp-gis_osm_roads_free_1,0.887780282369781,0
H51-LRDL,tianjin-latest-free.shp-gis_osm_traffic_a_free_1,0.8285826026750164,0
H51-LRDL,tianjin-latest-free.shp-gis_osm_traffic_free_1,0.6669333681694861,0
H51-LRDL,tianjin-latest-free.shp-gis_osm_transport_a_free_1,0.8254984727524904,0
H51-LRDL,tianjin-latest-free.shp-gis_osm_transport_free_1,0.6798503844852782,0
H51-LRDL,tianjin-latest-free.shp-gis_osm_water_a_free_1,0.8379144807799166,0
H51-LRDL,tianjin-latest-free.shp-gis_osm_waterways_free_1,0.9695636117328529,1
H51-LRRL,H51-AANP,0.5844112489818346,0
H51-LRRL,H51-AGNP,0.5832459213039021,0
H51-LRRL,H51-BOUA,0.6647314908377918,0
H51-LRRL,H51-BOUL,0.9207878746497293,1
H51-LRRL,H51-BOUP,0.5868022988728283,0
H51-LRRL,H51-BRGA,0.8704768470738238,0
H51-LRRL,H51-BRGL,0.8842246783783418,0
H51-LRRL,H51-BRGP,0.5844112489818346,0
H51-LRRL,H51-CPTL,0.8772191952082696,0
H51-LRRL,H51-HFCA,0.8427207267749608,0
H51-LRRL,H51-HFCL,0.8939232268709733,0
H51-LRRL,H51-HFCP,0.5748716947434658,0
H51-LRRL,H51-HYDA,0.6355362272125836,0
H51-LRRL,H51-HYDL,0.8503130561017637,0
H51-LRRL,H51-HYDP,0.5832459213039021,0
H51-LRRL,H51-LFCL,0.8062636355814704,0
H51-LRRL,H51-LFCP,0.5826295073690851,0
H51-LRRL,H51-LRDL,0.8758807397231188,0
H51-LRRL,H51-RESA,0.8510644963469901,0
H51-LRRL,H51-RESP,0.5832459213039021,0
H51-LRRL,H51-RFCA,0.7991963103591765,0
H51-LRRL,H51-RFCP,0.5844112489818346,0
H51-LRRL,H51-TERL,0.6719939292330114,0
H51-LRRL,H51-TERP,0.5844112489818346,0
H51-LRRL,H51-VEGA,0.7709062690446925,0
H51-LRRL,tianjin-latest-free.shp-gis_osm_buildings_a_free_1,0.7199214625562823,0
H51-LRRL,tianjin-latest-free.shp-gis_osm_landuse_a_free_1,0.7285743647504683,0
H51-LRRL,tianjin-latest-free.shp-gis_osm_natural_free_1,0.5844112489818346,0
H51-LRRL,tianjin-latest-free.shp-gis_osm_places_a_free_1,0.7237489257049878,0
H51-LRRL,tianjin-latest-free.shp-gis_osm_places_free_1,0.5826295073690851,0
H51-LRRL,tianjin-latest-free.shp-gis_osm_pofw_a_free_1,0.7237489257049878,0
H51-LRRL,tianjin-latest-free.shp-gis_osm_pofw_free_1,0.5868022988728283,0
H51-LRRL,tianjin-latest-free.shp-gis_osm_pois_a_free_1,0.7181908821174451,0
H51-LRRL,tianjin-latest-free.shp-gis_osm_pois_free_1,0.5826295073690851,0
H51-LRRL,tianjin-latest-free.shp-gis_osm_railways_free_1,0.8119119216534528,0
H51-LRRL,tianjin-latest-free.shp-gis_osm_roads_free_1,0.7749548247777318,0
H51-LRRL,tianjin-latest-free.shp-gis_osm_traffic_a_free_1,0.7237489257049878,0
H51-LRRL,tianjin-latest-free.shp-gis_osm_traffic_free_1,0.5713010630990965,0
H51-LRRL,tianjin-latest-free.shp-gis_osm_transport_a_free_1,0.7241164058964481,0
H51-LRRL,tianjin-latest-free.shp-gis_osm_transport_free_1,0.5802276422100198,0
H51-LRRL,tianjin-latest-free.shp-gis_osm_water_a_free_1,0.7929697474734854,0
H51-LRRL,tianjin-latest-free.shp-gis_osm_waterways_free_1,0.8809497721621258,0
H51-RESA,H51-AANP,0.7193889670630474,0
H51-RESA,H51-AGNP,0.7176962871405462,0
H51-RESA,H51-BOUA,0.5366734884263649,0
H51-RESA,H51-BOUL,0.901906414585613,1
H51-RESA,H51-BOUP,0.7252388847475946,0
H51-RESA,H51-BRGA,0.9616307726770964,1
H51-RESA,H51-BRGL,0.8947614172656086,0
H51-RESA,H51-BRGP,0.7193889670630474,0
H51-RESA,H51-CPTL,0.9319845696658493,1
H51-RESA,H51-HFCA,0.974644647071485,1
H51-RESA,H51-HFCL,0.923683161436206,1
H51-RESA,H51-HFCP,0.7101084200697583,0
H51-RESA,H51-HYDA,0.5029272936438828,0
H51-RESA,H51-HYDL,0.8731809007081821,0
H51-RESA,H51-HYDP,0.7176962871405462,0
H51-RESA,H51-LFCL,0.8455478584506986,0
H51-RESA,H51-LFCP,0.7180939363692389,0
H51-RESA,H51-LRDL,0.8677520354910487,0
H51-RESA,H51-LRRL,0.8517829155499168,0
H51-RESA,H51-RESP,0.7176962871405462,0
H51-RESA,H51-RFCA,0.943807971134008,1
H51-RESA,H51-RFCP,0.7189952860082238,0
H51-RESA,H51-TERL,0.5719390576925881,0
H51-RESA,H51-TERP,0.7189952860082238,0
H51-RESA,H51-VEGA,0.6621665885293451,0
H51-RESA,tianjin-latest-free.shp-gis_osm_buildings_a_free_1,0.7996002997502186,0
H51-RESA,tianjin-latest-free.shp-gis_osm_landuse_a_free_1,0.8139183338561629,0
H51-RESA,tianjin-latest-free.shp-gis_osm_natural_free_1,0.7193889670630474,0
H51-RESA,tianjin-latest-free.shp-gis_osm_places_a_free_1,0.810353785416166,0
H51-RESA,tianjin-latest-free.shp-gis_osm_places_free_1,0.7180939363692389,0
H51-RESA,tianjin-latest-free.shp-gis_osm_pofw_a_free_1,0.8084393510359024,0
H51-RESA,tianjin-latest-free.shp-gis_osm_pofw_free_1,0.7252388847475946,0
H51-RESA,tianjin-latest-free.shp-gis_osm_pois_a_free_1,0.8034592318303424,0
H51-RESA,tianjin-latest-free.shp-gis_osm_pois_free_1,0.7180939363692389,0
H51-RESA,tianjin-latest-free.shp-gis_osm_railways_free_1,0.7430813593842122,0
H51-RESA,tianjin-latest-free.shp-gis_osm_roads_free_1,0.8181612036157918,0
H51-RESA,tianjin-latest-free.shp-gis_osm_traffic_a_free_1,0.8067793113007158,0
H51-RESA,tianjin-latest-free.shp-gis_osm_traffic_free_1,0.7084095960982996,0
H51-RESA,tianjin-latest-free.shp-gis_osm_transport_a_free_1,0.8084393510359024,0
H51-RESA,tianjin-latest-free.shp-gis_osm_transport_free_1,0.7176962871405462,0
H51-RESA,tianjin-latest-free.shp-gis_osm_water_a_free_1,0.8486587505451455,0
H51-RESA,tianjin-latest-free.shp-gis_osm_waterways_free_1,0.8659350469159384,0
H51-RESP,H51-AANP,0.9984164677317652,1
H51-RESP,H51-AGNP,1.0000000000000002,1
H51-RESP,H51-BOUA,0.29306903775298565,0
H51-RESP,H51-BOUL,0.6593523829430086,0
H51-RESP,H51-BOUP,0.9856928196185967,1
H51-RESP,H51-BRGA,0.6931201803551708,0
H51-RESP,H51-BRGL,0.691421356383712,0
H51-RESP,H51-BRGP,0.9984164677317652,1
H51-RESP,H51-CPTL,0.6873609815129167,0
H51-RESP,H51-HFCA,0.7313011074798874,0
H51-RESP,H51-HFCL,0.6978844214954723,0
H51-RESP,H51-HFCP,0.9856315407139623,1
H51-RESP,H51-HYDA,0.2407231477905964,0
H51-RESP,H51-HYDL,0.7084095960982996,0
H51-RESP,H51-HYDP,1.0000000000000002,1
H51-RESP,H51-LFCL,0.723886453291419,0
H51-RESP,H51-LFCP,0.9968203417119826,1
H51-RESP,H51-LRDL,0.6784778641864068,0
H51-RESP,H51-LRRL,0.589401414872579,0
H51-RESP,H51-RESA,0.7180939363692389,0
H51-RESP,H51-RFCA,0.7612861187205207,0
H51-RESP,H51-RFCP,0.9968316796877464,1
H51-RESP,H51-TERL,0.3733109439596544,0
H51-RESP,H51-TERP,0.9968316796877464,1
H51-RESP,H51-VEGA,0.4409734879465261,0
H51-RESP,tianjin-latest-free.shp-gis_osm_buildings_a_free_1,0.7382803344263676,0
H51-RESP,tianjin-latest-free.shp-gis_osm_landuse_a_free_1,0.7403138214287123,0
H51-RESP,tianjin-latest-free.shp-gis_osm_natural_free_1,0.9984164677317652,1
H51-RESP,tianjin-latest-free.shp-gis_osm_places_a_free_1,0.7539510879873306,0
H51-RESP,tianjin-latest-free.shp-gis_osm_places_free_1,0.9968203417119826,1
H51-RESP,tianjin-latest-free.shp-gis_osm_pofw_a_free_1,0.7522491667954856,0
H51-RESP,tianjin-latest-free.shp-gis_osm_pofw_free_1,0.9856928196185967,1
H51-RESP,tianjin-latest-free.shp-gis_osm_pois_a_free_1,0.7430525559072765,0
H51-RESP,tianjin-latest-free.shp-gis_osm_pois_free_1,0.9968203417119826,1
H51-RESP,tianjin-latest-free.shp-gis_osm_railways_free_1,0.5534479048772497,0
H51-RESP,tianjin-latest-free.shp-gis_osm_roads_free_1,0.7303691898205684,0
H51-RESP,tianjin-latest-free.shp-gis_osm_traffic_a_free_1,0.7457837234703921,0
H51-RESP,tianjin-latest-free.shp-gis_osm_traffic_free_1,0.9824314383090469,1
H51-RESP,tianjin-latest-free.shp-gis_osm_transport_a_free_1,0.7485105469126453,0
H51-RESP,tianjin-latest-free.shp-gis_osm_transport_free_1,0.9952267030562387,1
H51-RESP,tianjin-latest-free.shp-gis_osm_water_a_free_1,0.692681925080911,0
H51-RESP,tianjin-latest-free.shp-gis_osm_waterways_free_1,0.6716072022705951,0
H51-RFCA,H51-AANP,0.761306906174453,0
H51-RFCA,H51-AGNP,0.7596263169775999,0
H51-RFCA,H51-BOUA,0.5024078153327635,0
H51-RFCA,H51-BOUL,0.8530827184042706,0
H51-RFCA,H51-BOUP,0.7669852069635612,0
H51-RFCA,H51-BRGA,0.9183645608371753,1
H51-RFCA,H51-BRGL,0.8787199990347502,0
H51-RFCA,H51-BRGP,0.761306906174453,0
H51-RFCA,H51-CPTL,0.8919090421722323,0
H51-RFCA,H51-HFCA,0.9352375699090111,1
H51-RFCA,H51-HFCL,0.8873623224535716,0
H51-RFCA,H51-HFCP,0.7498572056680707,0
H51-RFCA,H51-HYDA,0.4690366815418302,0
H51-RFCA,H51-HYDL,0.8707970153605898,0
H51-RFCA,H51-HYDP,0.7596263169775999,0
H51-RFCA,H51-LFCL,0.858936434328527,0
H51-RFCA,H51-LFCP,0.7596263169775999,0
H51-RFCA,H51-LRDL,0.8607610489567074,0
H51-RFCA,H51-LRRL,0.7994493752799066,0
H51-RFCA,H51-RESA,0.9434255029341551,1
H51-RFCA,H51-RESP,0.7596263169775999,0
H51-RFCA,H51-RFCP,0.761306906174453,0
H51-RFCA,H51-TERL,0.5547949007524922,0
H51-RFCA,H51-TERP,0.761306906174453,0
H51-RFCA,H51-VEGA,0.6303442149850186,0
H51-RFCA,tianjin-latest-free.shp-gis_osm_buildings_a_free_1,0.8370786116488179,0
H51-RFCA,tianjin-latest-free.shp-gis_osm_landuse_a_free_1,0.8536216672150001,0
H51-RFCA,tianjin-latest-free.shp-gis_osm_natural_free_1,0.761306906174453,0
H51-RFCA,tianjin-latest-free.shp-gis_osm_places_a_free_1,0.8505022404338081,0
H51-RFCA,tianjin-latest-free.shp-gis_osm_places_free_1,0.7596263169775999,0
H51-RFCA,tianjin-latest-free.shp-gis_osm_pofw_a_free_1,0.8475945319554575,0
H51-RFCA,tianjin-latest-free.shp-gis_osm_pofw_free_1,0.7669852069635612,0
H51-RFCA,tianjin-latest-free.shp-gis_osm_pois_a_free_1,0.8424501304066742,0
H51-RFCA,tianjin-latest-free.shp-gis_osm_pois_free_1,0.7596263169775999,0
H51-RFCA,tianjin-latest-free.shp-gis_osm_railways_free_1,0.7320836714868139,0
H51-RFCA,tianjin-latest-free.shp-gis_osm_roads_free_1,0.8403872227620544,0
H51-RFCA,tianjin-latest-free.shp-gis_osm_traffic_a_free_1,0.8443029027051451,0
H51-RFCA,tianjin-latest-free.shp-gis_osm_traffic_free_1,0.7485073266154655,0
H51-RFCA,tianjin-latest-free.shp-gis_osm_transport_a_free_1,0.8475945319554575,0
H51-RFCA,tianjin-latest-free.shp-gis_osm_transport_free_1,0.7592979959884117,0
H51-RFCA,tianjin-latest-free.shp-gis_osm_water_a_free_1,0.8619968380178865,0
H51-RFCA,tianjin-latest-free.shp-gis_osm_waterways_free_1,0.8539905431519711,0
H51-RFCP,H51-AANP,0.9984126984126986,1
H51-RFCP,H51-AGNP,0.9968253968253971,1
H51-RFCP,H51-BOUA,0.29126218342104376,0
H51-RFCP,H51-BOUL,0.6556654792665375,0
H51-RFCP,H51-BOUP,0.9888470447033141,1
H51-RFCP,H51-BRGA,0.6905015950960496,0
H51-RFCP,H51-BRGL,0.6887710146572124,0
H51-RFCP,H51-BRGP,0.9984126984126986,1
H51-RFCP,H51-CPTL,0.6791982699342797,0
H51-RFCP,H51-HFCA,0.7287954837558046,0
H51-RFCP,H51-HFCL,0.6901208508419296,0
H51-RFCP,H51-HFCP,0.9825396825396827,1
H51-RFCP,H51-HYDA,0.24670307959148177,0
H51-RFCP,H51-HYDL,0.7076781773286066,0
H51-RFCP,H51-HYDP,0.9968253968253971,1
H51-RFCP,H51-LFCL,0.7273090842762484,0
H51-RFCP,H51-LFCP,0.9936419552606822,1
H51-RFCP,H51-LRDL,0.678387532024189,0
H51-RFCP,H51-LRRL,0.5862494666664508,0
H51-RFCP,H51-RESA,0.7174300539794394,0
H51-RFCP,H51-RESP,0.9968253968253971,1
H51-RFCP,H51-RFCA,0.7600132852030784,0
H51-RFCP,H51-TERL,0.3748961355655805,0
H51-RFCP,H51-TERP,1.0000000000000002,1
H51-RFCP,H51-VEGA,0.4355607830392671,0
H51-RFCP,tianjin-latest-free.shp-gis_osm_buildings_a_free_1,0.7399853698407473,0
H51-RFCP,tianjin-latest-free.shp-gis_osm_landuse_a_free_1,0.7430525559072765,0
H51-RFCP,tianjin-latest-free.shp-gis_osm_natural_free_1,0.9984126984126986,1
H51-RFCP,tianjin-latest-free.shp-gis_osm_places_a_free_1,0.7559766672991446,0
H51-RFCP,tianjin-latest-free.shp-gis_osm_places_free_1,0.9936419552606822,1
H51-RFCP,tianjin-latest-free.shp-gis_osm_pofw_a_free_1,0.7539510879873306,0
H51-RFCP,tianjin-latest-free.shp-gis_osm_pofw_free_1,0.9888470447033141,1
H51-RFCP,tianjin-latest-free.shp-gis_osm_pois_a_free_1,0.7447607227024656,0
H51-RFCP,tianjin-latest-free.shp-gis_osm_pois_free_1,0.9936419552606822,1
H51-RFCP,tianjin-latest-free.shp-gis_osm_railways_free_1,0.557018536521619,0
H51-RFCP,tianjin-latest-free.shp-gis_osm_roads_free_1,0.7363157662880604,0
H51-RFCP,tianjin-latest-free.shp-gis_osm_traffic_a_free_1,0.7474825474418508,0
H51-RFCP,tianjin-latest-free.shp-gis_osm_traffic_free_1,0.9793650793650795,1
H51-RFCP,tianjin-latest-free.shp-gis_osm_transport_a_free_1,0.7508801953847684,0
H51-RFCP,tianjin-latest-free.shp-gis_osm_transport_free_1,0.9920521281322651,1
H51-RFCP,tianjin-latest-free.shp-gis_osm_water_a_free_1,0.6930827744279544,0
H51-RFCP,tianjin-latest-free.shp-gis_osm_waterways_free_1,0.6700771542932072,0
H51-TERL,H51-AANP,0.3730584094108472,0
H51-TERL,H51-AGNP,0.3701713954735861,0
H51-TERL,H51-BOUA,0.8992039257090981,0
H51-TERL,H51-BOUL,0.6421640971502887,0
H51-TERL,H51-BOUP,0.38450167164583204,0
H51-TERL,H51-BRGA,0.6190458647330341,0
H51-TERL,H51-BRGL,0.638419668161901,0
H51-TERL,H51-BRGP,0.3730584094108472,0
H51-TERL,H51-CPTL,0.5975438335193498,0
H51-TERL,H51-HFCA,0.5541216415650932,0
H51-TERL,H51-HFCL,0.5986651818838306,0
H51-TERL,H51-HFCP,0.3664880980061872,0
H51-TERL,H51-HYDA,0.8828844352243594,0
H51-TERL,H51-HYDL,0.6266829397847219,0
H51-TERL,H51-HYDP,0.3701713954735861,0
H51-TERL,H51-LFCL,0.6342123262167606,0
H51-TERL,H51-LFCP,0.3730584094108472,0
H51-TERL,H51-LRDL,0.6459385608395597,0
H51-TERL,H51-LRRL,0.6629742707835126,0
H51-TERL,H51-RESA,0.5744883553138403,0
H51-TERL,H51-RESP,0.3701713954735861,0
H51-TERL,H51-RFCA,0.5547949007524922,0
H51-TERL,H51-RFCP,0.3759348494492109,0
H51-TERL,H51-TERP,0.3759348494492109,0
H51-TERL,H51-VEGA,0.8776368718742619,0
H51-TERL,tianjin-latest-free.shp-gis_osm_buildings_a_free_1,0.6666688470224243,0
H51-TERL,tianjin-latest-free.shp-gis_osm_landuse_a_free_1,0.6637492648195461,0
H51-TERL,tianjin-latest-free.shp-gis_osm_natural_free_1,0.3730584094108472,0
H51-TERL,tianjin-latest-free.shp-gis_osm_places_a_free_1,0.64876689478704,0
H51-TERL,tianjin-latest-free.shp-gis_osm_places_free_1,0.3730584094108472,0
H51-TERL,tianjin-latest-free.shp-gis_osm_pofw_a_free_1,0.6504877618819658,0
H51-TERL,tianjin-latest-free.shp-gis_osm_pofw_free_1,0.38450167164583204,0
H51-TERL,tianjin-latest-free.shp-gis_osm_pois_a_free_1,0.6583609598382588,0
H51-TERL,tianjin-latest-free.shp-gis_osm_pois_free_1,0.3730584094108472,0
H51-TERL,tianjin-latest-free.shp-gis_osm_railways_free_1,0.8064384480675149,0
H51-TERL,tianjin-latest-free.shp-gis_osm_roads_free_1,0.6009997229926507,0
H51-TERL,tianjin-latest-free.shp-gis_osm_traffic_a_free_1,0.6583609598382588,0
H51-TERL,tianjin-latest-free.shp-gis_osm_traffic_free_1,0.3617369215071879,0
H51-TERL,tianjin-latest-free.shp-gis_osm_transport_a_free_1,0.6522086289768916,0
H51-TERL,tianjin-latest-free.shp-gis_osm_transport_free_1,0.3730584094108472,0
H51-TERL,tianjin-latest-free.shp-gis_osm_water_a_free_1,0.6897225324122532,0
H51-TERL,tianjin-latest-free.shp-gis_osm_waterways_free_1,0.6379032147553574,0
H51-TERP,H51-AANP,0.9984126984126986,1
H51-TERP,H51-AGNP,0.9968253968253971,1
H51-TERP,H51-BOUA,0.2986211700040759,0
H51-TERP,H51-BOUL,0.6605677800720751,0
H51-TERP,H51-BOUP,0.988888888888889,1
H51-TERP,H51-BRGA,0.6948190043266296,0
H51-TERP,H51-BRGL,0.6957639274971822,0
H51-TERP,H51-BRGP,0.9984126984126986,1
H51-TERP,H51-CPTL,0.688587317869757,0
H51-TERP,H51-HFCA,0.7302986909202522,0
H51-TERP,H51-HFCL,0.6991251058908884,0
H51-TERP,H51-HFCP,0.9824055138750099,1
H51-TERP,H51-HYDA,0.24938134658925973,0
H51-TERP,H51-HYDL,0.7142266753657093,0
H51-TERP,H51-HYDP,0.9968253968253971,1
H51-TERP,H51-LFCL,0.7325829684241738,0
H51-TERP,H51-LFCP,0.9936356121857463,1
H51-TERP,H51-LRDL,0.682470397929841,0
H51-TERP,H51-LRRL,0.5935890905211654,0
H51-TERP,H51-RESA,0.7182107429585858,0
H51-TERP,H51-RESP,0.9968253968253971,1
H51-TERP,H51-RFCA,0.7629519526783336,0
H51-TERP,H51-RFCP,1.0000000000000002,1
H51-TERP,H51-TERL,0.3748961355655805,0
H51-TERP,H51-VEGA,0.4427881936582402,0
H51-TERP,tianjin-latest-free.shp-gis_osm_buildings_a_free_1,0.7417487954496373,0
H51-TERP,tianjin-latest-free.shp-gis_osm_landuse_a_free_1,0.7458292953943823,0
H51-TERP,tianjin-latest-free.shp-gis_osm_natural_free_1,0.9984126984126986,1
H51-TERP,tianjin-latest-free.shp-gis_osm_places_a_free_1,0.7589469330112665,0
H51-TERP,tianjin-latest-free.shp-gis_osm_places_free_1,0.9936356121857463,1
H51-TERP,tianjin-latest-free.shp-gis_osm_pofw_a_free_1,0.757275243731506,0
H51-TERP,tianjin-latest-free.shp-gis_osm_pofw_free_1,0.988888888888889,1
H51-TERP,tianjin-latest-free.shp-gis_osm_pois_a_free_1,0.7475128829686359,0
H51-TERP,tianjin-latest-free.shp-gis_osm_pois_free_1,0.9936356121857463,1
H51-TERP,tianjin-latest-free.shp-gis_osm_railways_free_1,0.5590169943749475,0
H51-TERP,tianjin-latest-free.shp-gis_osm_roads_free_1,0.7400035276606247,0
H51-TERP,tianjin-latest-free.shp-gis_osm_traffic_a_free_1,0.7498902317511446,0
H51-TERP,tianjin-latest-free.shp-gis_osm_traffic_free_1,0.9791950383394706,1
H51-TERP,tianjin-latest-free.shp-gis_osm_transport_a_free_1,0.753588085444547,0
H51-TERP,tianjin-latest-free.shp-gis_osm_transport_free_1,0.9920432474226281,1
H51-TERP,tianjin-latest-free.shp-gis_osm_water_a_free_1,0.6939494136524981,0
H51-TERP,tianjin-latest-free.shp-gis_osm_waterways_free_1,0.6756627131624611,0
H51-VEGA,H51-AANP,0.4418912277278846,0
H51-VEGA,H51-AGNP,0.4400727453092513,0
H51-VEGA,H51-BOUA,0.8789756322400789,0
H51-VEGA,H51-BOUL,0.7383695298667233,0
H51-VEGA,H51-BOUP,0.4419526766695601,0
H51-VEGA,H51-BRGA,0.7084846138596866,0
H51-VEGA,H51-BRGL,0.7252388847475946,0
H51-VEGA,H51-BRGP,0.4418912277278846,0
H51-VEGA,H51-CPTL,0.6952303063500375,0
H51-VEGA,H51-HFCA,0.6457107123189089,0
H51-VEGA,H51-HFCL,0.6956544490668777,0
H51-VEGA,H51-HFCP,0.43186952340430607,0
H51-VEGA,H51-HYDA,0.8441535631004813,0
H51-VEGA,H51-HYDL,0.6982532518267539,0
H51-VEGA,H51-HYDP,0.4400727453092513,0
H51-VEGA,H51-LFCL,0.692681925080911,0
H51-VEGA,H51-LFCP,0.4418912277278846,0
H51-VEGA,H51-LRDL,0.7252388847475946,0
H51-VEGA,H51-LRRL,0.7663486737650123,0
H51-VEGA,H51-RESA,0.6640664479058156,0
H51-VEGA,H51-RESP,0.4400727453092513,0
H51-VEGA,H51-RFCA,0.6314040674128691,0
H51-VEGA,H51-RFCP,0.4418912277278846,0
H51-VEGA,H51-TERL,0.880424892304605,0
H51-VEGA,H51-TERP,0.4418912277278846,0
H51-VEGA,tianjin-latest-free.shp-gis_osm_buildings_a_free_1,0.710925567450541,0
H51-VEGA,tianjin-latest-free.shp-gis_osm_landuse_a_free_1,0.710925567450541,0
H51-VEGA,tianjin-latest-free.shp-gis_osm_natural_free_1,0.4418912277278846,0
H51-VEGA,tianjin-latest-free.shp-gis_osm_places_a_free_1,0.6995079756632115,0
H51-VEGA,tianjin-latest-free.shp-gis_osm_places_free_1,0.4418912277278846,0
H51-VEGA,tianjin-latest-free.shp-gis_osm_pofw_a_free_1,0.7011976084546686,0
H51-VEGA,tianjin-latest-free.shp-gis_osm_pofw_free_1,0.4419526766695601,0
H51-VEGA,tianjin-latest-free.shp-gis_osm_pois_a_free_1,0.7054293372156158,0
H51-VEGA,tianjin-latest-free.shp-gis_osm_pois_free_1,0.4418912277278846,0
H51-VEGA,tianjin-latest-free.shp-gis_osm_railways_free_1,0.8459487173303013,0
H51-VEGA,tianjin-latest-free.shp-gis_osm_roads_free_1,0.6554338335948309,0
H51-VEGA,tianjin-latest-free.shp-gis_osm_traffic_a_free_1,0.7079561396204967,0
H51-VEGA,tianjin-latest-free.shp-gis_osm_traffic_free_1,0.4282096121890154,0
H51-VEGA,tianjin-latest-free.shp-gis_osm_transport_a_free_1,0.7033130579994115,0
H51-VEGA,tianjin-latest-free.shp-gis_osm_transport_free_1,0.43917015576609253,0
H51-VEGA,tianjin-latest-free.shp-gis_osm_water_a_free_1,0.7495427817964813,0
H51-VEGA,tianjin-latest-free.shp-gis_osm_waterways_free_1,0.7160036072180449,0
tianjin-latest-free.shp-gis_osm_buildings_a_free_1,H51-AANP,0.7392882927231513,0
tianjin-latest-free.shp-gis_osm_buildings_a_free_1,H51-AGNP,0.7372271164855503,0
tianjin-latest-free.shp-gis_osm_buildings_a_free_1,H51-BOUA,0.5890176221131285,0
tianjin-latest-free.shp-gis_osm_buildings_a_free_1,H51-BOUL,0.770021513140437,0
tianjin-latest-free.shp-gis_osm_buildings_a_free_1,H51-BOUP,0.7447607227024656,0
tianjin-latest-free.shp-gis_osm_buildings_a_free_1,H51-BRGA,0.805382289800116,0
tianjin-latest-free.shp-gis_osm_buildings_a_free_1,H51-BRGL,0.8226665657004509,0
tianjin-latest-free.shp-gis_osm_buildings_a_free_1,H51-BRGP,0.7392882927231513,0
tianjin-latest-free.shp-gis_osm_buildings_a_free_1,H51-CPTL,0.780678893648153,0
tianjin-latest-free.shp-gis_osm_buildings_a_free_1,H51-HFCA,0.7870808892420824,0
tianjin-latest-free.shp-gis_osm_buildings_a_free_1,H51-HFCL,0.783731608862329,0
tianjin-latest-free.shp-gis_osm_buildings_a_free_1,H51-HFCP,0.7292886659385656,0
tianjin-latest-free.shp-gis_osm_buildings_a_free_1,H51-HYDA,0.5493502655735357,0
tianjin-latest-free.shp-gis_osm_buildings_a_free_1,H51-HYDL,0.8321156949789633,0
tianjin-latest-free.shp-gis_osm_buildings_a_free_1,H51-HYDP,0.7372271164855503,0
tianjin-latest-free.shp-gis_osm_buildings_a_free_1,H51-LFCL,0.865698492832176,0
tianjin-latest-free.shp-gis_osm_buildings_a_free_1,H51-LFCP,0.7385961559497594,0
tianjin-latest-free.shp-gis_osm_buildings_a_free_1,H51-LRDL,0.8238441671958722,0
tianjin-latest-free.shp-gis_osm_buildings_a_free_1,H51-LRRL,0.726014533040538,0
tianjin-latest-free.shp-gis_osm_buildings_a_free_1,H51-RESA,0.7996002997502186,0
tianjin-latest-free.shp-gis_osm_buildings_a_free_1,H51-RESP,0.7372271164855503,0
tianjin-latest-free.shp-gis_osm_buildings_a_free_1,H51-RFCA,0.8377196442045202,0
tianjin-latest-free.shp-gis_osm_buildings_a_free_1,H51-RFCP,0.7392882927231513,0
tianjin-latest-free.shp-gis_osm_buildings_a_free_1,H51-TERL,0.6666688470224243,0
tianjin-latest-free.shp-gis_osm_buildings_a_free_1,H51-TERP,0.7392882927231513,0
tianjin-latest-free.shp-gis_osm_buildings_a_free_1,H51-VEGA,0.7101084200697583,0
tianjin-latest-free.shp-gis_osm_buildings_a_free_1,tianjin-latest-free.shp-gis_osm_landuse_a_free_1,0.974527235028328,1
tianjin-latest-free.shp-gis_osm_buildings_a_free_1,tianjin-latest-free.shp-gis_osm_natural_free_1,0.7392882927231513,0
tianjin-latest-free.shp-gis_osm_buildings_a_free_1,tianjin-latest-free.shp-gis_osm_places_a_free_1,0.9824890588439189,1
tianjin-latest-free.shp-gis_osm_buildings_a_free_1,tianjin-latest-free.shp-gis_osm_places_free_1,0.7385961559497594,0
tianjin-latest-free.shp-gis_osm_buildings_a_free_1,tianjin-latest-free.shp-gis_osm_pofw_a_free_1,0.9872315919164201,1
tianjin-latest-free.shp-gis_osm_buildings_a_free_1,tianjin-latest-free.shp-gis_osm_pofw_free_1,0.7447607227024656,0
tianjin-latest-free.shp-gis_osm_buildings_a_free_1,tianjin-latest-free.shp-gis_osm_pois_a_free_1,0.9872661531332735,1
tianjin-latest-free.shp-gis_osm_buildings_a_free_1,tianjin-latest-free.shp-gis_osm_pois_free_1,0.7385961559497594,0
tianjin-latest-free.shp-gis_osm_buildings_a_free_1,tianjin-latest-free.shp-gis_osm_railways_free_1,0.7865157441272494,0
tianjin-latest-free.shp-gis_osm_buildings_a_free_1,tianjin-latest-free.shp-gis_osm_roads_free_1,0.8678501472972614,0
tianjin-latest-free.shp-gis_osm_buildings_a_free_1,tianjin-latest-free.shp-gis_osm_traffic_a_free_1,0.9936419552606822,1
tianjin-latest-free.shp-gis_osm_buildings_a_free_1,tianjin-latest-free.shp-gis_osm_traffic_free_1,0.7254762501100117,0
tianjin-latest-free.shp-gis_osm_buildings_a_free_1,tianjin-latest-free.shp-gis_osm_transport_a_free_1,0.9872406016327392,1
tianjin-latest-free.shp-gis_osm_buildings_a_free_1,tianjin-latest-free.shp-gis_osm_transport_free_1,0.7382519837231833,0
tianjin-latest-free.shp-gis_osm_buildings_a_free_1,tianjin-latest-free.shp-gis_osm_water_a_free_1,0.8932290826267621,0
tianjin-latest-free.shp-gis_osm_buildings_a_free_1,tianjin-latest-free.shp-gis_osm_waterways_free_1,0.8075642632468586,0
tianjin-latest-free.shp-gis_osm_landuse_a_free_1,H51-AANP,0.7483181740388339,0
tianjin-latest-free.shp-gis_osm_landuse_a_free_1,H51-AGNP,0.746293613100204,0
tianjin-latest-free.shp-gis_osm_landuse_a_free_1,H51-BOUA,0.5779113549505127,0
tianjin-latest-free.shp-gis_osm_landuse_a_free_1,H51-BOUL,0.7727666965824412,0
tianjin-latest-free.shp-gis_osm_landuse_a_free_1,H51-BOUP,0.7536580397747427,0
tianjin-latest-free.shp-gis_osm_landuse_a_free_1,H51-BRGA,0.820059629182209,0
tianjin-latest-free.shp-gis_osm_landuse_a_free_1,H51-BRGL,0.825039748387769,0
tianjin-latest-free.shp-gis_osm_landuse_a_free_1,H51-BRGP,0.7483181740388339,0
tianjin-latest-free.shp-gis_osm_landuse_a_free_1,H51-CPTL,0.7918304013121705,0
tianjin-latest-free.shp-gis_osm_landuse_a_free_1,H51-HFCA,0.7990674757255185,0
tianjin-latest-free.shp-gis_osm_landuse_a_free_1,H51-HFCL,0.7896052960033408,0
tianjin-latest-free.shp-gis_osm_landuse_a_free_1,H51-HFCP,0.7388866616541405,0
tianjin-latest-free.shp-gis_osm_landuse_a_free_1,H51-HYDA,0.540646840667174,0
tianjin-latest-free.shp-gis_osm_landuse_a_free_1,H51-HYDL,0.8306215341788785,0
tianjin-latest-free.shp-gis_osm_landuse_a_free_1,H51-HYDP,0.746293613100204,0
tianjin-latest-free.shp-gis_osm_landuse_a_free_1,H51-LFCL,0.8615606225618755,0
tianjin-latest-free.shp-gis_osm_landuse_a_free_1,H51-LFCP,0.746293613100204,0
tianjin-latest-free.shp-gis_osm_landuse_a_free_1,H51-LRDL,0.8222483332294946,0
tianjin-latest-free.shp-gis_osm_landuse_a_free_1,H51-LRRL,0.7351670433559025,0
tianjin-latest-free.shp-gis_osm_landuse_a_free_1,H51-RESA,0.812200492090234,0
tianjin-latest-free.shp-gis_osm_landuse_a_free_1,H51-RESP,0.746293613100204,0
tianjin-latest-free.shp-gis_osm_landuse_a_free_1,H51-RFCA,0.8543668829952957,0
tianjin-latest-free.shp-gis_osm_landuse_a_free_1,H51-RFCP,0.7483181740388339,0
tianjin-latest-free.shp-gis_osm_landuse_a_free_1,H51-TERL,0.664240172840372,0
tianjin-latest-free.shp-gis_osm_landuse_a_free_1,H51-TERP,0.7483181740388339,0
tianjin-latest-free.shp-gis_osm_landuse_a_free_1,H51-VEGA,0.7097011369993609,0
tianjin-latest-free.shp-gis_osm_landuse_a_free_1,tianjin-latest-free.shp-gis_osm_buildings_a_free_1,0.9744607880193704,1
tianjin-latest-free.shp-gis_osm_landuse_a_free_1,tianjin-latest-free.shp-gis_osm_natural_free_1,0.7483181740388339,0
tianjin-latest-free.shp-gis_osm_landuse_a_free_1,tianjin-latest-free.shp-gis_osm_places_a_free_1,0.977777777777778,1
tianjin-latest-free.shp-gis_osm_landuse_a_free_1,tianjin-latest-free.shp-gis_osm_places_free_1,0.746293613100204,0
tianjin-latest-free.shp-gis_osm_landuse_a_free_1,tianjin-latest-free.shp-gis_osm_pofw_a_free_1,0.9744607880193704,1
tianjin-latest-free.shp-gis_osm_landuse_a_free_1,tianjin-latest-free.shp-gis_osm_pofw_free_1,0.7536580397747427,0
tianjin-latest-free.shp-gis_osm_landuse_a_free_1,tianjin-latest-free.shp-gis_osm_pois_a_free_1,0.9840814236070371,1
tianjin-latest-free.shp-gis_osm_landuse_a_free_1,tianjin-latest-free.shp-gis_osm_pois_free_1,0.746293613100204,0
tianjin-latest-free.shp-gis_osm_landuse_a_free_1,tianjin-latest-free.shp-gis_osm_railways_free_1,0.7835387550081025,0
tianjin-latest-free.shp-gis_osm_landuse_a_free_1,tianjin-latest-free.shp-gis_osm_roads_free_1,0.8680225823463371,0
tianjin-latest-free.shp-gis_osm_landuse_a_free_1,tianjin-latest-free.shp-gis_osm_traffic_a_free_1,0.9760312334992159,1
tianjin-latest-free.shp-gis_osm_landuse_a_free_1,tianjin-latest-free.shp-gis_osm_traffic_free_1,0.7351670433559025,0
tianjin-latest-free.shp-gis_osm_landuse_a_free_1,tianjin-latest-free.shp-gis_osm_transport_a_free_1,0.9793043293176825,1
tianjin-latest-free.shp-gis_osm_landuse_a_free_1,tianjin-latest-free.shp-gis_osm_transport_free_1,0.7459329997394207,0
tianjin-latest-free.shp-gis_osm_landuse_a_free_1,tianjin-latest-free.shp-gis_osm_water_a_free_1,0.918878811609685,1
tianjin-latest-free.shp-gis_osm_landuse_a_free_1,tianjin-latest-free.shp-gis_osm_waterways_free_1,0.8110144024012493,0
tianjin-latest-free.shp-gis_osm_natural_free_1,H51-AANP,1.0000000000000002,1
tianjin-latest-free.shp-gis_osm_natural_free_1,H51-AGNP,0.9984114366459335,1
tianjin-latest-free.shp-gis_osm_natural_free_1,H51-BOUA,0.31409042400416126,0
tianjin-latest-free.shp-gis_osm_natural_free_1,H51-BOUL,0.6625413488689132,0
tianjin-latest-free.shp-gis_osm_natural_free_1,H51-BOUP,0.9873229514236345,1
tianjin-latest-free.shp-gis_osm_natural_free_1,H51-BRGA,0.6956914481480294,0
tianjin-latest-free.shp-gis_osm_natural_free_1,H51-BRGL,0.6953216681667717,0
tianjin-latest-free.shp-gis_osm_natural_free_1,H51-BRGP,1.0000000000000002,1
tianjin-latest-free.shp-gis_osm_natural_free_1,H51-CPTL,0.687228048535523,0
tianjin-latest-free.shp-gis_osm_natural_free_1,H51-HFCA,0.7321999045350985,0
tianjin-latest-free.shp-gis_osm_natural_free_1,H51-HFCL,0.698688843315279,0
tianjin-latest-free.shp-gis_osm_natural_free_1,H51-HFCP,0.984045648229397,1
tianjin-latest-free.shp-gis_osm_natural_free_1,H51-HYDA,0.25730251755068173,0
tianjin-latest-free.shp-gis_osm_natural_free_1,H51-HYDL,0.7154771258654495,0
tianjin-latest-free.shp-gis_osm_natural_free_1,H51-HYDP,0.9984114366459335,1
tianjin-latest-free.shp-gis_osm_natural_free_1,H51-LFCL,0.7344269167286485,0
tianjin-latest-free.shp-gis_osm_natural_free_1,H51-LFCP,0.9952267030562387,1
tianjin-latest-free.shp-gis_osm_natural_free_1,H51-LRDL,0.6852201427212496,0
tianjin-latest-free.shp-gis_osm_natural_free_1,H51-LRRL,0.5948099048435109,0
tianjin-latest-free.shp-gis_osm_natural_free_1,H51-RESA,0.7221697688565355,0
tianjin-latest-free.shp-gis_osm_natural_free_1,H51-RESP,0.9984114366459335,1
tianjin-latest-free.shp-gis_osm_natural_free_1,H51-RFCA,0.7616334792282318,0
tianjin-latest-free.shp-gis_osm_natural_free_1,H51-RFCP,0.9984126984126986,1
tianjin-latest-free.shp-gis_osm_natural_free_1,H51-TERL,0.3751408995672998,0
tianjin-latest-free.shp-gis_osm_natural_free_1,H51-TERP,0.9984126984126986,1
tianjin-latest-free.shp-gis_osm_natural_free_1,H51-VEGA,0.45078062802562247,0
tianjin-latest-free.shp-gis_osm_natural_free_1,tianjin-latest-free.shp-gis_osm_buildings_a_free_1,0.746091806034816,0
tianjin-latest-free.shp-gis_osm_natural_free_1,tianjin-latest-free.shp-gis_osm_landuse_a_free_1,0.7508570490939426,0
tianjin-latest-free.shp-gis_osm_natural_free_1,tianjin-latest-free.shp-gis_osm_places_a_free_1,0.7620121714473336,0
tianjin-latest-free.shp-gis_osm_natural_free_1,tianjin-latest-free.shp-gis_osm_places_free_1,0.9952267030562387,1
tianjin-latest-free.shp-gis_osm_natural_free_1,tianjin-latest-free.shp-gis_osm_pofw_a_free_1,0.7600186107974105,0
tianjin-latest-free.shp-gis_osm_natural_free_1,tianjin-latest-free.shp-gis_osm_pofw_free_1,0.9873229514236345,1
tianjin-latest-free.shp-gis_osm_natural_free_1,tianjin-latest-free.shp-gis_osm_pois_a_free_1,0.7521372836963962,0
tianjin-latest-free.shp-gis_osm_natural_free_1,tianjin-latest-free.shp-gis_osm_pois_free_1,0.9952267030562387,1
tianjin-latest-free.shp-gis_osm_natural_free_1,tianjin-latest-free.shp-gis_osm_railways_free_1,0.5572423372499477,0
tianjin-latest-free.shp-gis_osm_natural_free_1,tianjin-latest-free.shp-gis_osm_roads_free_1,0.7402350460911873,0
tianjin-latest-free.shp-gis_osm_natural_free_1,tianjin-latest-free.shp-gis_osm_traffic_a_free_1,0.7534240892286694,0
tianjin-latest-free.shp-gis_osm_natural_free_1,tianjin-latest-free.shp-gis_osm_traffic_free_1,0.9808506948260548,1
tianjin-latest-free.shp-gis_osm_natural_free_1,tianjin-latest-free.shp-gis_osm_transport_a_free_1,0.7570747275718649,0
tianjin-latest-free.shp-gis_osm_natural_free_1,tianjin-latest-free.shp-gis_osm_transport_free_1,0.9936317884680076,1
tianjin-latest-free.shp-gis_osm_natural_free_1,tianjin-latest-free.shp-gis_osm_water_a_free_1,0.6974445166940353,0
tianjin-latest-free.shp-gis_osm_natural_free_1,tianjin-latest-free.shp-gis_osm_waterways_free_1,0.6784857924242349,0
tianjin-latest-free.shp-gis_osm_places_a_free_1,H51-AANP,0.7576144084141581,0
tianjin-latest-free.shp-gis_osm_places_a_free_1,H51-AGNP,0.7555977217835405,0
tianjin-latest-free.shp-gis_osm_places_a_free_1,H51-BOUA,0.5719635031899583,0
tianjin-latest-free.shp-gis_osm_places_a_free_1,H51-BOUL,0.7765879717247455,0
tianjin-latest-free.shp-gis_osm_places_a_free_1,H51-BOUP,0.7636359265838076,0
tianjin-latest-free.shp-gis_osm_places_a_free_1,H51-BRGA,0.8163240540774892,0
tianjin-latest-free.shp-gis_osm_places_a_free_1,H51-BRGL,0.8288070838657269,0
tianjin-latest-free.shp-gis_osm_places_a_free_1,H51-BRGP,0.7576144084141581,0
tianjin-latest-free.shp-gis_osm_places_a_free_1,H51-CPTL,0.7924123616201261,0
tianjin-latest-free.shp-gis_osm_places_a_free_1,H51-HFCA,0.7987536289787158,0
tianjin-latest-free.shp-gis_osm_places_a_free_1,H51-HFCL,0.7932172644811639,0
tianjin-latest-free.shp-gis_osm_places_a_free_1,H51-HFCP,0.7488513135533302,0
tianjin-latest-free.shp-gis_osm_places_a_free_1,H51-HYDA,0.5342219759934673,0
tianjin-latest-free.shp-gis_osm_places_a_free_1,H51-HYDL,0.8362937373934721,0
tianjin-latest-free.shp-gis_osm_places_a_free_1,H51-HYDP,0.7555977217835405,0
tianjin-latest-free.shp-gis_osm_places_a_free_1,H51-LFCL,0.8700022790772549,0
tianjin-latest-free.shp-gis_osm_places_a_free_1,H51-LFCP,0.7576144084141581,0
tianjin-latest-free.shp-gis_osm_places_a_free_1,H51-LRDL,0.8285512727026685,0
tianjin-latest-free.shp-gis_osm_places_a_free_1,H51-LRRL,0.7282317331179811,0
tianjin-latest-free.shp-gis_osm_places_a_free_1,H51-RESA,0.811126152955154,0
tianjin-latest-free.shp-gis_osm_places_a_free_1,H51-RESP,0.7555977217835405,0
tianjin-latest-free.shp-gis_osm_places_a_free_1,H51-RFCA,0.852080883815364,0
tianjin-latest-free.shp-gis_osm_places_a_free_1,H51-RFCP,0.7576144084141581,0
tianjin-latest-free.shp-gis_osm_places_a_free_1,H51-TERL,0.64876689478704,0
tianjin-latest-free.shp-gis_osm_places_a_free_1,H51-TERP,0.7576144084141581,0
tianjin-latest-free.shp-gis_osm_places_a_free_1,H51-VEGA,0.7003724308895327,0
tianjin-latest-free.shp-gis_osm_places_a_free_1,tianjin-latest-free.shp-gis_osm_buildings_a_free_1,0.9824055138750099,1
tianjin-latest-free.shp-gis_osm_places_a_free_1,tianjin-latest-free.shp-gis_osm_landuse_a_free_1,0.9776312847016737,1
tianjin-latest-free.shp-gis_osm_places_a_free_1,tianjin-latest-free.shp-gis_osm_natural_free_1,0.7576144084141581,0
tianjin-latest-free.shp-gis_osm_places_a_free_1,tianjin-latest-free.shp-gis_osm_places_free_1,0.7576144084141581,0
tianjin-latest-free.shp-gis_osm_places_a_free_1,tianjin-latest-free.shp-gis_osm_pofw_a_free_1,0.9904419592915452,1
tianjin-latest-free.shp-gis_osm_places_a_free_1,tianjin-latest-free.shp-gis_osm_pofw_free_1,0.7636359265838076,0
tianjin-latest-free.shp-gis_osm_places_a_free_1,tianjin-latest-free.shp-gis_osm_pois_a_free_1,0.9856737883701553,1
tianjin-latest-free.shp-gis_osm_places_a_free_1,tianjin-latest-free.shp-gis_osm_pois_free_1,0.7576144084141581,0
tianjin-latest-free.shp-gis_osm_places_a_free_1,tianjin-latest-free.shp-gis_osm_railways_free_1,0.7770330481028218,0
tianjin-latest-free.shp-gis_osm_places_a_free_1,tianjin-latest-free.shp-gis_osm_roads_free_1,0.8742405136187683,0
tianjin-latest-free.shp-gis_osm_places_a_free_1,tianjin-latest-free.shp-gis_osm_traffic_a_free_1,0.9872315919164201,1
tianjin-latest-free.shp-gis_osm_places_a_free_1,tianjin-latest-free.shp-gis_osm_traffic_free_1,0.7451280610325515,0
tianjin-latest-free.shp-gis_osm_places_a_free_1,tianjin-latest-free.shp-gis_osm_transport_a_free_1,0.9936356121857463,1
tianjin-latest-free.shp-gis_osm_places_a_free_1,tianjin-latest-free.shp-gis_osm_transport_free_1,0.7576144084141581,0
tianjin-latest-free.shp-gis_osm_places_a_free_1,tianjin-latest-free.shp-gis_osm_water_a_free_1,0.9002555803603297,1
tianjin-latest-free.shp-gis_osm_places_a_free_1,tianjin-latest-free.shp-gis_osm_waterways_free_1,0.8125186452299682,0
tianjin-latest-free.shp-gis_osm_places_free_1,H51-AANP,0.9952267030562387,1
tianjin-latest-free.shp-gis_osm_places_free_1,H51-AGNP,0.9968203417119826,1
tianjin-latest-free.shp-gis_osm_places_free_1,H51-BOUA,0.31409042400416126,0
tianjin-latest-free.shp-gis_osm_places_free_1,H51-BOUL,0.6603454224358561,0
tianjin-latest-free.shp-gis_osm_places_free_1,H51-BOUP,0.9824890588439189,1
tianjin-latest-free.shp-gis_osm_places_free_1,H51-BRGA,0.6935591320220839,0
tianjin-latest-free.shp-gis_osm_places_free_1,H51-BRGL,0.6931934456540962,0
tianjin-latest-free.shp-gis_osm_places_free_1,H51-BRGP,0.9952267030562387,1
tianjin-latest-free.shp-gis_osm_places_free_1,H51-CPTL,0.6850804140267038,0
tianjin-latest-free.shp-gis_osm_places_free_1,H51-HFCA,0.7301431227862722,0
tianjin-latest-free.shp-gis_osm_places_free_1,H51-HFCL,0.6965666497692014,0
tianjin-latest-free.shp-gis_osm_places_free_1,H51-HFCP,0.9888724738754309,1
tianjin-latest-free.shp-gis_osm_places_free_1,H51-HYDA,0.25730251755068173,0
tianjin-latest-free.shp-gis_osm_places_free_1,H51-HYDL,0.713396659250355,0
tianjin-latest-free.shp-gis_osm_places_free_1,H51-HYDP,0.9968203417119826,1
tianjin-latest-free.shp-gis_osm_places_free_1,H51-LFCL,0.7344269167286485,0
tianjin-latest-free.shp-gis_osm_places_free_1,H51-LFCP,1.0000000000000002,1
tianjin-latest-free.shp-gis_osm_places_free_1,H51-LRDL,0.6852201427212496,0
tianjin-latest-free.shp-gis_osm_places_free_1,H51-LRRL,0.5924722709231762,0
tianjin-latest-free.shp-gis_osm_places_free_1,H51-RESA,0.7200952816470116,0
tianjin-latest-free.shp-gis_osm_places_free_1,H51-RESP,0.9968203417119826,1
tianjin-latest-free.shp-gis_osm_places_free_1,H51-RFCA,0.7596263169775999,0
tianjin-latest-free.shp-gis_osm_places_free_1,H51-RFCP,0.9936317884680076,1
tianjin-latest-free.shp-gis_osm_places_free_1,H51-TERL,0.3751408995672998,0
tianjin-latest-free.shp-gis_osm_places_free_1,H51-TERP,0.9936317884680076,1
tianjin-latest-free.shp-gis_osm_places_free_1,H51-VEGA,0.45078062802562247,0
tianjin-latest-free.shp-gis_osm_places_free_1,tianjin-latest-free.shp-gis_osm_buildings_a_free_1,0.746091806034816,0
tianjin-latest-free.shp-gis_osm_places_free_1,tianjin-latest-free.shp-gis_osm_landuse_a_free_1,0.7488456544460838,0
tianjin-latest-free.shp-gis_osm_places_free_1,tianjin-latest-free.shp-gis_osm_natural_free_1,0.9952267030562387,1
tianjin-latest-free.shp-gis_osm_places_free_1,tianjin-latest-free.shp-gis_osm_places_a_free_1,0.7620121714473336,0
tianjin-latest-free.shp-gis_osm_places_free_1,tianjin-latest-free.shp-gis_osm_pofw_a_free_1,0.7600186107974105,0
tianjin-latest-free.shp-gis_osm_places_free_1,tianjin-latest-free.shp-gis_osm_pofw_free_1,0.9824890588439189,1
tianjin-latest-free.shp-gis_osm_places_free_1,tianjin-latest-free.shp-gis_osm_pois_a_free_1,0.7521372836963962,0
tianjin-latest-free.shp-gis_osm_places_free_1,tianjin-latest-free.shp-gis_osm_pois_free_1,1.0000000000000002,1
tianjin-latest-free.shp-gis_osm_places_free_1,tianjin-latest-free.shp-gis_osm_railways_free_1,0.5572423372499477,0
tianjin-latest-free.shp-gis_osm_places_free_1,tianjin-latest-free.shp-gis_osm_roads_free_1,0.7382029154833247,0
tianjin-latest-free.shp-gis_osm_places_free_1,tianjin-latest-free.shp-gis_osm_traffic_a_free_1,0.7534240892286694,0
tianjin-latest-free.shp-gis_osm_places_free_1,tianjin-latest-free.shp-gis_osm_traffic_free_1,0.9856928196185967,1
tianjin-latest-free.shp-gis_osm_places_free_1,tianjin-latest-free.shp-gis_osm_transport_a_free_1,0.7570747275718649,0
tianjin-latest-free.shp-gis_osm_places_free_1,tianjin-latest-free.shp-gis_osm_transport_free_1,0.9984126984126986,1
tianjin-latest-free.shp-gis_osm_places_free_1,tianjin-latest-free.shp-gis_osm_water_a_free_1,0.6953216681667717,0
tianjin-latest-free.shp-gis_osm_places_free_1,tianjin-latest-free.shp-gis_osm_waterways_free_1,0.674163483791356,0
tianjin-latest-free.shp-gis_osm_pofw_a_free_1,H51-AANP,0.758981664050315,0
tianjin-latest-free.shp-gis_osm_pofw_a_free_1,H51-AGNP,0.756978119245116,0
tianjin-latest-free.shp-gis_osm_pofw_a_free_1,H51-BOUA,0.567242222243734,0
tianjin-latest-free.shp-gis_osm_pofw_a_free_1,H51-BOUL,0.7787076882926987,0
tianjin-latest-free.shp-gis_osm_pofw_a_free_1,H51-BOUP,0.7642891671576164,0
tianjin-latest-free.shp-gis_osm_pofw_a_free_1,H51-BRGA,0.8139183338561629,0
tianjin-latest-free.shp-gis_osm_pofw_a_free_1,H51-BRGL,0.8321156949789633,0
tianjin-latest-free.shp-gis_osm_pofw_a_free_1,H51-BRGP,0.758981664050315,0
tianjin-latest-free.shp-gis_osm_pofw_a_free_1,H51-CPTL,0.790430169621836,0
tianjin-latest-free.shp-gis_osm_pofw_a_free_1,H51-HFCA,0.7976643710860024,0
tianjin-latest-free.shp-gis_osm_pofw_a_free_1,H51-HFCL,0.7948801937568059,0
tianjin-latest-free.shp-gis_osm_pofw_a_free_1,H51-HFCP,0.7496252810158299,0
tianjin-latest-free.shp-gis_osm_pofw_a_free_1,H51-HYDA,0.5273504313890647,0
tianjin-latest-free.shp-gis_osm_pofw_a_free_1,H51-HYDL,0.838116354923494,0
tianjin-latest-free.shp-gis_osm_pofw_a_free_1,H51-HYDP,0.756978119245116,0
tianjin-latest-free.shp-gis_osm_pofw_a_free_1,H51-LFCL,0.8721254774660091,0
tianjin-latest-free.shp-gis_osm_pofw_a_free_1,H51-LFCP,0.758981664050315,0
tianjin-latest-free.shp-gis_osm_pofw_a_free_1,H51-LRDL,0.8298017085452848,0
tianjin-latest-free.shp-gis_osm_pofw_a_free_1,H51-LRRL,0.729758950361852,0
tianjin-latest-free.shp-gis_osm_pofw_a_free_1,H51-RESA,0.8079294695392834,0
tianjin-latest-free.shp-gis_osm_pofw_a_free_1,H51-RESP,0.756978119245116,0
tianjin-latest-free.shp-gis_osm_pofw_a_free_1,H51-RFCA,0.8482007099999649,0
tianjin-latest-free.shp-gis_osm_pofw_a_free_1,H51-RFCP,0.758981664050315,0
tianjin-latest-free.shp-gis_osm_pofw_a_free_1,H51-TERL,0.6540472290116195,0
tianjin-latest-free.shp-gis_osm_pofw_a_free_1,H51-TERP,0.758981664050315,0
tianjin-latest-free.shp-gis_osm_pofw_a_free_1,H51-VEGA,0.6994896098482909,0
tianjin-latest-free.shp-gis_osm_pofw_a_free_1,tianjin-latest-free.shp-gis_osm_buildings_a_free_1,0.9872661531332735,1
tianjin-latest-free.shp-gis_osm_pofw_a_free_1,tianjin-latest-free.shp-gis_osm_landuse_a_free_1,0.9744607880193704,1
tianjin-latest-free.shp-gis_osm_pofw_a_free_1,tianjin-latest-free.shp-gis_osm_natural_free_1,0.758981664050315,0
tianjin-latest-free.shp-gis_osm_pofw_a_free_1,tianjin-latest-free.shp-gis_osm_places_a_free_1,0.9904761904761906,1
tianjin-latest-free.shp-gis_osm_pofw_a_free_1,tianjin-latest-free.shp-gis_osm_places_free_1,0.758981664050315,0
tianjin-latest-free.shp-gis_osm_pofw_a_free_1,tianjin-latest-free.shp-gis_osm_pofw_free_1,0.7642891671576164,0
tianjin-latest-free.shp-gis_osm_pofw_a_free_1,tianjin-latest-free.shp-gis_osm_pois_a_free_1,0.9872661531332735,1
tianjin-latest-free.shp-gis_osm_pofw_a_free_1,tianjin-latest-free.shp-gis_osm_pois_free_1,0.758981664050315,0
tianjin-latest-free.shp-gis_osm_pofw_a_free_1,tianjin-latest-free.shp-gis_osm_railways_free_1,0.7841408338370349,0
tianjin-latest-free.shp-gis_osm_pofw_a_free_1,tianjin-latest-free.shp-gis_osm_roads_free_1,0.876683565532099,0
tianjin-latest-free.shp-gis_osm_pofw_a_free_1,tianjin-latest-free.shp-gis_osm_traffic_a_free_1,0.9936507936507938,1
tianjin-latest-free.shp-gis_osm_pofw_a_free_1,tianjin-latest-free.shp-gis_osm_traffic_free_1,0.7459329997394207,0
tianjin-latest-free.shp-gis_osm_pofw_a_free_1,tianjin-latest-free.shp-gis_osm_transport_a_free_1,0.9952279769488644,1
tianjin-latest-free.shp-gis_osm_pofw_a_free_1,tianjin-latest-free.shp-gis_osm_transport_free_1,0.7586381589803026,0
tianjin-latest-free.shp-gis_osm_pofw_a_free_1,tianjin-latest-free.shp-gis_osm_water_a_free_1,0.8922830007666229,0
tianjin-latest-free.shp-gis_osm_pofw_a_free_1,tianjin-latest-free.shp-gis_osm_waterways_free_1,0.814835345064508,0
tianjin-latest-free.shp-gis_osm_pofw_free_1,H51-AANP,0.9873015873015875,1
tianjin-latest-free.shp-gis_osm_pofw_free_1,H51-AGNP,0.9857142857142859,1
tianjin-latest-free.shp-gis_osm_pofw_free_1,H51-BOUA,0.2994164642466806,0
tianjin-latest-free.shp-gis_osm_pofw_free_1,H51-BOUL,0.6620492853910382,0
tianjin-latest-free.shp-gis_osm_pofw_free_1,H51-BOUP,1.0000000000000002,1
tianjin-latest-free.shp-gis_osm_pofw_free_1,H51-BRGA,0.6990645198956368,0
tianjin-latest-free.shp-gis_osm_pofw_free_1,H51-BRGL,0.6956544490668777,0
tianjin-latest-free.shp-gis_osm_pofw_free_1,H51-BRGP,0.9873015873015875,1
tianjin-latest-free.shp-gis_osm_pofw_free_1,H51-CPTL,0.691421356383712,0
tianjin-latest-free.shp-gis_osm_pofw_free_1,H51-HFCA,0.7338919556701808,0
tianjin-latest-free.shp-gis_osm_pofw_free_1,H51-HFCL,0.7011915310401359,0
tianjin-latest-free.shp-gis_osm_pofw_free_1,H51-HFCP,0.9713843754628428,1
tianjin-latest-free.shp-gis_osm_pofw_free_1,H51-HYDA,0.2577255641616998,0
tianjin-latest-free.shp-gis_osm_pofw_free_1,H51-HYDL,0.7122123116119198,0
tianjin-latest-free.shp-gis_osm_pofw_free_1,H51-HYDP,0.9857142857142859,1
tianjin-latest-free.shp-gis_osm_pofw_free_1,H51-LFCL,0.7308654912017558,0
tianjin-latest-free.shp-gis_osm_pofw_free_1,H51-LFCP,0.9825131653617625,1
tianjin-latest-free.shp-gis_osm_pofw_free_1,H51-LRDL,0.6867761576257798,0
tianjin-latest-free.shp-gis_osm_pofw_free_1,H51-LRRL,0.5922809327478838,0
tianjin-latest-free.shp-gis_osm_pofw_free_1,H51-RESA,0.7233165065341207,0
tianjin-latest-free.shp-gis_osm_pofw_free_1,H51-RESP,0.9857142857142859,1
tianjin-latest-free.shp-gis_osm_pofw_free_1,H51-RFCA,0.7666662995755549,0
tianjin-latest-free.shp-gis_osm_pofw_free_1,H51-RFCP,0.988888888888889,1
tianjin-latest-free.shp-gis_osm_pofw_free_1,H51-TERL,0.3793796391420832,0
tianjin-latest-free.shp-gis_osm_pofw_free_1,H51-TERP,0.988888888888889,1
tianjin-latest-free.shp-gis_osm_pofw_free_1,H51-VEGA,0.43471359767348866,0
tianjin-latest-free.shp-gis_osm_pofw_free_1,tianjin-latest-free.shp-gis_osm_buildings_a_free_1,0.7444222392003954,0
tianjin-latest-free.shp-gis_osm_pofw_free_1,tianjin-latest-free.shp-gis_osm_landuse_a_free_1,0.7485105469126453,0
tianjin-latest-free.shp-gis_osm_pofw_free_1,tianjin-latest-free.shp-gis_osm_natural_free_1,0.9873015873015875,1
tianjin-latest-free.shp-gis_osm_pofw_free_1,tianjin-latest-free.shp-gis_osm_places_a_free_1,0.7613888759851238,0
tianjin-latest-free.shp-gis_osm_pofw_free_1,tianjin-latest-free.shp-gis_osm_places_free_1,0.9825131653617625,1
tianjin-latest-free.shp-gis_osm_pofw_free_1,tianjin-latest-free.shp-gis_osm_pofw_a_free_1,0.7584260570639787,0
tianjin-latest-free.shp-gis_osm_pofw_free_1,tianjin-latest-free.shp-gis_osm_pois_a_free_1,0.7502155823270249,0
tianjin-latest-free.shp-gis_osm_pofw_free_1,tianjin-latest-free.shp-gis_osm_pois_free_1,0.9825131653617625,1
tianjin-latest-free.shp-gis_osm_pofw_free_1,tianjin-latest-free.shp-gis_osm_railways_free_1,0.5689160766202085,0
tianjin-latest-free.shp-gis_osm_pofw_free_1,tianjin-latest-free.shp-gis_osm_roads_free_1,0.7387317012080149,0
tianjin-latest-free.shp-gis_osm_pofw_free_1,tianjin-latest-free.shp-gis_osm_traffic_a_free_1,0.7515933898832222,0
tianjin-latest-free.shp-gis_osm_pofw_free_1,tianjin-latest-free.shp-gis_osm_traffic_free_1,0.9681577759758553,1
tianjin-latest-free.shp-gis_osm_pofw_free_1,tianjin-latest-free.shp-gis_osm_transport_a_free_1,0.7553306885701637,0
tianjin-latest-free.shp-gis_osm_pofw_free_1,tianjin-latest-free.shp-gis_osm_transport_free_1,0.9809523809523811,1
tianjin-latest-free.shp-gis_osm_pofw_free_1,tianjin-latest-free.shp-gis_osm_water_a_free_1,0.6965310190051548,0
tianjin-latest-free.shp-gis_osm_pofw_free_1,tianjin-latest-free.shp-gis_osm_waterways_free_1,0.6759696195038073,0
tianjin-latest-free.shp-gis_osm_pois_a_free_1,H51-AANP,0.7440850431505321,0
tianjin-latest-free.shp-gis_osm_pois_a_free_1,H51-AGNP,0.7423705614842867,0
tianjin-latest-free.shp-gis_osm_pois_a_free_1,H51-BOUA,0.585094812274784,0
tianjin-latest-free.shp-gis_osm_pois_a_free_1,H51-BOUL,0.7682733253465361,0
tianjin-latest-free.shp-gis_osm_pois_a_free_1,H51-BOUP,0.7492284881492686,0
tianjin-latest-free.shp-gis_osm_pois_a_free_1,H51-BRGA,0.8124429819701121,0
tianjin-latest-free.shp-gis_osm_pois_a_free_1,H51-BRGL,0.8193693049160804,0
tianjin-latest-free.shp-gis_osm_pois_a_free_1,H51-BRGP,0.7440850431505321,0
tianjin-latest-free.shp-gis_osm_pois_a_free_1,H51-CPTL,0.7851987947432892,0
tianjin-latest-free.shp-gis_osm_pois_a_free_1,H51-HFCA,0.7915543352055221,0
tianjin-latest-free.shp-gis_osm_pois_a_free_1,H51-HFCL,0.7823505829279135,0
tianjin-latest-free.shp-gis_osm_pois_a_free_1,H51-HFCP,0.7355126348193048,0
tianjin-latest-free.shp-gis_osm_pois_a_free_1,H51-HYDA,0.5478981658961821,0
tianjin-latest-free.shp-gis_osm_pois_a_free_1,H51-HYDL,0.8297597796890761,0
tianjin-latest-free.shp-gis_osm_pois_a_free_1,H51-HYDP,0.7423705614842867,0
tianjin-latest-free.shp-gis_osm_pois_a_free_1,H51-LFCL,0.8614838058314871,0
tianjin-latest-free.shp-gis_osm_pois_a_free_1,H51-LFCP,0.7447607227024656,0
tianjin-latest-free.shp-gis_osm_pois_a_free_1,H51-LRDL,0.8203640071621282,0
tianjin-latest-free.shp-gis_osm_pois_a_free_1,H51-LRRL,0.7255131474160565,0
tianjin-latest-free.shp-gis_osm_pois_a_free_1,H51-RESA,0.8042613419247855,0
tianjin-latest-free.shp-gis_osm_pois_a_free_1,H51-RESP,0.7423705614842867,0
tianjin-latest-free.shp-gis_osm_pois_a_free_1,H51-RFCA,0.8424501304066742,0
tianjin-latest-free.shp-gis_osm_pois_a_free_1,H51-RFCP,0.7440850431505321,0
tianjin-latest-free.shp-gis_osm_pois_a_free_1,H51-TERL,0.6643322858466515,0
tianjin-latest-free.shp-gis_osm_pois_a_free_1,H51-TERP,0.7440850431505321,0
tianjin-latest-free.shp-gis_osm_pois_a_free_1,H51-VEGA,0.7087962546184515,0
tianjin-latest-free.shp-gis_osm_pois_a_free_1,tianjin-latest-free.shp-gis_osm_buildings_a_free_1,0.9872661531332735,1
tianjin-latest-free.shp-gis_osm_pois_a_free_1,tianjin-latest-free.shp-gis_osm_landuse_a_free_1,0.9841269841269843,1
tianjin-latest-free.shp-gis_osm_pois_a_free_1,tianjin-latest-free.shp-gis_osm_natural_free_1,0.7440850431505321,0
tianjin-latest-free.shp-gis_osm_pois_a_free_1,tianjin-latest-free.shp-gis_osm_places_a_free_1,0.9856431249310681,1
tianjin-latest-free.shp-gis_osm_pois_a_free_1,tianjin-latest-free.shp-gis_osm_places_free_1,0.7447607227024656,0
tianjin-latest-free.shp-gis_osm_pois_a_free_1,tianjin-latest-free.shp-gis_osm_pofw_a_free_1,0.987252130115083,1
tianjin-latest-free.shp-gis_osm_pois_a_free_1,tianjin-latest-free.shp-gis_osm_pofw_free_1,0.7492284881492686,0
tianjin-latest-free.shp-gis_osm_pois_a_free_1,tianjin-latest-free.shp-gis_osm_pois_free_1,0.7447607227024656,0
tianjin-latest-free.shp-gis_osm_pois_a_free_1,tianjin-latest-free.shp-gis_osm_railways_free_1,0.7799138302760291,0
tianjin-latest-free.shp-gis_osm_pois_a_free_1,tianjin-latest-free.shp-gis_osm_roads_free_1,0.8663878882176246,0
tianjin-latest-free.shp-gis_osm_pois_a_free_1,tianjin-latest-free.shp-gis_osm_traffic_a_free_1,0.987252130115083,1
tianjin-latest-free.shp-gis_osm_pois_a_free_1,tianjin-latest-free.shp-gis_osm_traffic_free_1,0.73136851534348,0
tianjin-latest-free.shp-gis_osm_pois_a_free_1,tianjin-latest-free.shp-gis_osm_transport_a_free_1,0.9920432474226281,1
tianjin-latest-free.shp-gis_osm_pois_a_free_1,tianjin-latest-free.shp-gis_osm_transport_free_1,0.7447607227024656,0
tianjin-latest-free.shp-gis_osm_pois_a_free_1,tianjin-latest-free.shp-gis_osm_water_a_free_1,0.9038879395725277,1
tianjin-latest-free.shp-gis_osm_pois_a_free_1,tianjin-latest-free.shp-gis_osm_waterways_free_1,0.8045316313864129,0
tianjin-latest-free.shp-gis_osm_pois_free_1,H51-AANP,0.9952317823890993,1
tianjin-latest-free.shp-gis_osm_pois_free_1,H51-AGNP,0.9968253968253971,1
tianjin-latest-free.shp-gis_osm_pois_free_1,H51-BOUA,0.2937313415078196,0
tianjin-latest-free.shp-gis_osm_pois_free_1,H51-BOUL,0.6588564645796603,0
tianjin-latest-free.shp-gis_osm_pois_free_1,H51-BOUP,0.9824673863503894,1
tianjin-latest-free.shp-gis_osm_pois_free_1,H51-BRGA,0.6931201803551708,0
tianjin-latest-free.shp-gis_osm_pois_free_1,H51-BRGL,0.6940833383003291,0
tianjin-latest-free.shp-gis_osm_pois_free_1,H51-BRGP,0.9952317823890993,1
tianjin-latest-free.shp-gis_osm_pois_free_1,H51-CPTL,0.684626060497877,0
tianjin-latest-free.shp-gis_osm_pois_free_1,H51-HFCA,0.727852366675554,0
tianjin-latest-free.shp-gis_osm_pois_free_1,H51-HFCL,0.6961287100802974,0
tianjin-latest-free.shp-gis_osm_pois_free_1,H51-HFCP,0.988888888888889,1
tianjin-latest-free.shp-gis_osm_pois_free_1,H51-HYDA,0.24264893297292114,0
tianjin-latest-free.shp-gis_osm_pois_free_1,H51-HYDL,0.7117220806976278,0
tianjin-latest-free.shp-gis_osm_pois_free_1,H51-HYDP,0.9968253968253971,1
tianjin-latest-free.shp-gis_osm_pois_free_1,H51-LFCL,0.7301431227862722,0
tianjin-latest-free.shp-gis_osm_pois_free_1,H51-LFCP,1.0000000000000002,1
tianjin-latest-free.shp-gis_osm_pois_free_1,H51-LRDL,0.6856803923160636,0
tianjin-latest-free.shp-gis_osm_pois_free_1,H51-LRRL,0.5918585100823281,0
tianjin-latest-free.shp-gis_osm_pois_free_1,H51-RESA,0.7176962871405462,0
tianjin-latest-free.shp-gis_osm_pois_free_1,H51-RESP,0.9968253968253971,1
tianjin-latest-free.shp-gis_osm_pois_free_1,H51-RFCA,0.7579973887869718,0
tianjin-latest-free.shp-gis_osm_pois_free_1,H51-RFCP,0.9936356121857463,1
tianjin-latest-free.shp-gis_osm_pois_free_1,H51-TERL,0.36461657749479126,0
tianjin-latest-free.shp-gis_osm_pois_free_1,H51-TERP,0.9936356121857463,1
tianjin-latest-free.shp-gis_osm_pois_free_1,H51-VEGA,0.43373512603284853,0
tianjin-latest-free.shp-gis_osm_pois_free_1,tianjin-latest-free.shp-gis_osm_buildings_a_free_1,0.7385961559497594,0
tianjin-latest-free.shp-gis_osm_pois_free_1,tianjin-latest-free.shp-gis_osm_landuse_a_free_1,0.7392948453502024,0
tianjin-latest-free.shp-gis_osm_pois_free_1,tianjin-latest-free.shp-gis_osm_natural_free_1,0.9952317823890993,1
tianjin-latest-free.shp-gis_osm_pois_free_1,tianjin-latest-free.shp-gis_osm_places_a_free_1,0.7553306885701637,0
tianjin-latest-free.shp-gis_osm_pois_free_1,tianjin-latest-free.shp-gis_osm_places_free_1,1.0000000000000002,1
tianjin-latest-free.shp-gis_osm_pois_free_1,tianjin-latest-free.shp-gis_osm_pofw_a_free_1,0.7539510879873306,0
tianjin-latest-free.shp-gis_osm_pois_free_1,tianjin-latest-free.shp-gis_osm_pofw_free_1,0.9824673863503894,1
tianjin-latest-free.shp-gis_osm_pois_free_1,tianjin-latest-free.shp-gis_osm_pois_a_free_1,0.7434145850079609,0
tianjin-latest-free.shp-gis_osm_pois_free_1,tianjin-latest-free.shp-gis_osm_railways_free_1,0.5545626047072437,0
tianjin-latest-free.shp-gis_osm_pois_free_1,tianjin-latest-free.shp-gis_osm_roads_free_1,0.7370576424228761,0
tianjin-latest-free.shp-gis_osm_pois_free_1,tianjin-latest-free.shp-gis_osm_traffic_a_free_1,0.7457995248167776,0
tianjin-latest-free.shp-gis_osm_pois_free_1,tianjin-latest-free.shp-gis_osm_traffic_free_1,0.9856928196185967,1
tianjin-latest-free.shp-gis_osm_pois_free_1,tianjin-latest-free.shp-gis_osm_transport_a_free_1,0.7502155823270249,0
tianjin-latest-free.shp-gis_osm_pois_free_1,tianjin-latest-free.shp-gis_osm_transport_free_1,0.9984126984126986,1
tianjin-latest-free.shp-gis_osm_pois_free_1,tianjin-latest-free.shp-gis_osm_water_a_free_1,0.6874817557034204,0
tianjin-latest-free.shp-gis_osm_pois_free_1,tianjin-latest-free.shp-gis_osm_waterways_free_1,0.6760755333237388,0
tianjin-latest-free.shp-gis_osm_railways_free_1,H51-AANP,0.5552332206994344,0
tianjin-latest-free.shp-gis_osm_railways_free_1,H51-AGNP,0.5527736930791558,0
tianjin-latest-free.shp-gis_osm_railways_free_1,H51-BOUA,0.7553180795099294,0
tianjin-latest-free.shp-gis_osm_railways_free_1,H51-BOUL,0.8129269714127222,0
tianjin-latest-free.shp-gis_osm_railways_free_1,H51-BOUP,0.5617182512195953,0
tianjin-latest-free.shp-gis_osm_railways_free_1,H51-BRGA,0.7822999824446062,0
tianjin-latest-free.shp-gis_osm_railways_free_1,H51-BRGL,0.8202967766482662,0
tianjin-latest-free.shp-gis_osm_railways_free_1,H51-BRGP,0.5552332206994344,0
tianjin-latest-free.shp-gis_osm_railways_free_1,H51-CPTL,0.7703344873433148,0
tianjin-latest-free.shp-gis_osm_railways_free_1,H51-HFCA,0.7317254940339476,0
tianjin-latest-free.shp-gis_osm_railways_free_1,H51-HFCL,0.7800871538350832,0
tianjin-latest-free.shp-gis_osm_railways_free_1,H51-HFCP,0.5438291349387164,0
tianjin-latest-free.shp-gis_osm_railways_free_1,H51-HYDA,0.7192329371089269,0
tianjin-latest-free.shp-gis_osm_railways_free_1,H51-HYDL,0.8226956798020904,0
tianjin-latest-free.shp-gis_osm_railways_free_1,H51-HYDP,0.5527736930791558,0
tianjin-latest-free.shp-gis_osm_railways_free_1,H51-LFCL,0.8285826026750164,0
tianjin-latest-free.shp-gis_osm_railways_free_1,H51-LFCP,0.5545626047072437,0
tianjin-latest-free.shp-gis_osm_railways_free_1,H51-LRDL,0.8379144807799166,0
tianjin-latest-free.shp-gis_osm_railways_free_1,H51-LRRL,0.8090976114040814,0
tianjin-latest-free.shp-gis_osm_railways_free_1,H51-RESA,0.7464718458230681,0
tianjin-latest-free.shp-gis_osm_railways_free_1,H51-RESP,0.5527736930791558,0
tianjin-latest-free.shp-gis_osm_railways_free_1,H51-RFCA,0.7346230863655591,0
tianjin-latest-free.shp-gis_osm_railways_free_1,H51-RFCP,0.557018536521619,0
tianjin-latest-free.shp-gis_osm_railways_free_1,H51-TERL,0.8089554171863083,0
tianjin-latest-free.shp-gis_osm_railways_free_1,H51-TERP,0.557018536521619,0
tianjin-latest-free.shp-gis_osm_railways_free_1,H51-VEGA,0.8482761156728703,0
tianjin-latest-free.shp-gis_osm_railways_free_1,tianjin-latest-free.shp-gis_osm_buildings_a_free_1,0.7862353971764706,0
tianjin-latest-free.shp-gis_osm_railways_free_1,tianjin-latest-free.shp-gis_osm_landuse_a_free_1,0.7820569686724521,0
tianjin-latest-free.shp-gis_osm_railways_free_1,tianjin-latest-free.shp-gis_osm_natural_free_1,0.5552332206994344,0
tianjin-latest-free.shp-gis_osm_railways_free_1,tianjin-latest-free.shp-gis_osm_places_a_free_1,0.7764322089461309,0
tianjin-latest-free.shp-gis_osm_railways_free_1,tianjin-latest-free.shp-gis_osm_places_free_1,0.5545626047072437,0
tianjin-latest-free.shp-gis_osm_railways_free_1,tianjin-latest-free.shp-gis_osm_pofw_a_free_1,0.7817647606175242,0
tianjin-latest-free.shp-gis_osm_railways_free_1,tianjin-latest-free.shp-gis_osm_pofw_free_1,0.5617182512195953,0
tianjin-latest-free.shp-gis_osm_railways_free_1,tianjin-latest-free.shp-gis_osm_pois_a_free_1,0.7778174593052023,0
tianjin-latest-free.shp-gis_osm_railways_free_1,tianjin-latest-free.shp-gis_osm_pois_free_1,0.5545626047072437,0
tianjin-latest-free.shp-gis_osm_railways_free_1,tianjin-latest-free.shp-gis_osm_roads_free_1,0.7948801937568059,0
tianjin-latest-free.shp-gis_osm_railways_free_1,tianjin-latest-free.shp-gis_osm_traffic_a_free_1,0.7831545657335433,0
tianjin-latest-free.shp-gis_osm_railways_free_1,tianjin-latest-free.shp-gis_osm_traffic_free_1,0.5402513116825407,0
tianjin-latest-free.shp-gis_osm_railways_free_1,tianjin-latest-free.shp-gis_osm_transport_a_free_1,0.7761338717309486,0
tianjin-latest-free.shp-gis_osm_railways_free_1,tianjin-latest-free.shp-gis_osm_transport_free_1,0.5527736930791558,0
tianjin-latest-free.shp-gis_osm_railways_free_1,tianjin-latest-free.shp-gis_osm_water_a_free_1,0.8106097227429264,0
tianjin-latest-free.shp-gis_osm_railways_free_1,tianjin-latest-free.shp-gis_osm_waterways_free_1,0.8352112634964165,0
tianjin-latest-free.shp-gis_osm_roads_free_1,H51-AANP,0.7331652281832288,0
tianjin-latest-free.shp-gis_osm_roads_free_1,H51-AGNP,0.7314601927688493,0
tianjin-latest-free.shp-gis_osm_roads_free_1,H51-BOUA,0.5345224838248488,0
tianjin-latest-free.shp-gis_osm_roads_free_1,H51-BOUL,0.8157843685231234,0
tianjin-latest-free.shp-gis_osm_roads_free_1,H51-BOUP,0.736575299011988,0
tianjin-latest-free.shp-gis_osm_roads_free_1,H51-BRGA,0.8169824462375661,0
tianjin-latest-free.shp-gis_osm_roads_free_1,H51-BRGL,0.8707970153605898,0
tianjin-latest-free.shp-gis_osm_roads_free_1,H51-BRGP,0.7331652281832288,0
tianjin-latest-free.shp-gis_osm_roads_free_1,H51-CPTL,0.8188812505260176,0
tianjin-latest-free.shp-gis_osm_roads_free_1,H51-HFCA,0.8257303305182603,0
tianjin-latest-free.shp-gis_osm_roads_free_1,H51-HFCL,0.8389420158065525,0
tianjin-latest-free.shp-gis_osm_roads_free_1,H51-HFCP,0.7208463875698177,0
tianjin-latest-free.shp-gis_osm_roads_free_1,H51-HYDA,0.501673746033894,0
tianjin-latest-free.shp-gis_osm_roads_free_1,H51-HYDL,0.9037645834970758,1
tianjin-latest-free.shp-gis_osm_roads_free_1,H51-HYDP,0.7314601927688493,0
tianjin-latest-free.shp-gis_osm_roads_free_1,H51-LFCL,0.9350450416235495,1
tianjin-latest-free.shp-gis_osm_roads_free_1,H51-LFCP,0.7310953883409524,0
tianjin-latest-free.shp-gis_osm_roads_free_1,H51-LRDL,0.887227147725884,0
tianjin-latest-free.shp-gis_osm_roads_free_1,H51-LRRL,0.7785586358025426,0
tianjin-latest-free.shp-gis_osm_roads_free_1,H51-RESA,0.8193693049160804,0
tianjin-latest-free.shp-gis_osm_roads_free_1,H51-RESP,0.7314601927688493,0
tianjin-latest-free.shp-gis_osm_roads_free_1,H51-RFCA,0.8425270629789005,0
tianjin-latest-free.shp-gis_osm_roads_free_1,H51-RFCP,0.7348702635976084,0
tianjin-latest-free.shp-gis_osm_roads_free_1,H51-TERL,0.5951197106103474,0
tianjin-latest-free.shp-gis_osm_roads_free_1,H51-TERP,0.7348702635976084,0
tianjin-latest-free.shp-gis_osm_roads_free_1,H51-VEGA,0.6459751934999393,0
tianjin-latest-free.shp-gis_osm_roads_free_1,tianjin-latest-free.shp-gis_osm_buildings_a_free_1,0.867510988887531,0
tianjin-latest-free.shp-gis_osm_roads_free_1,tianjin-latest-free.shp-gis_osm_landuse_a_free_1,0.8676796092013668,0
tianjin-latest-free.shp-gis_osm_roads_free_1,tianjin-latest-free.shp-gis_osm_natural_free_1,0.7331652281832288,0
tianjin-latest-free.shp-gis_osm_roads_free_1,tianjin-latest-free.shp-gis_osm_places_a_free_1,0.8740830418336487,0
tianjin-latest-free.shp-gis_osm_roads_free_1,tianjin-latest-free.shp-gis_osm_places_free_1,0.7310953883409524,0
tianjin-latest-free.shp-gis_osm_roads_free_1,tianjin-latest-free.shp-gis_osm_pofw_a_free_1,0.875274150349356,0
tianjin-latest-free.shp-gis_osm_roads_free_1,tianjin-latest-free.shp-gis_osm_pofw_free_1,0.736575299011988,0
tianjin-latest-free.shp-gis_osm_roads_free_1,tianjin-latest-free.shp-gis_osm_pois_a_free_1,0.865530955897268,0
tianjin-latest-free.shp-gis_osm_roads_free_1,tianjin-latest-free.shp-gis_osm_pois_free_1,0.7310953883409524,0
tianjin-latest-free.shp-gis_osm_roads_free_1,tianjin-latest-free.shp-gis_osm_railways_free_1,0.7916519706997784,0
tianjin-latest-free.shp-gis_osm_roads_free_1,tianjin-latest-free.shp-gis_osm_traffic_a_free_1,0.8721254774660091,0
tianjin-latest-free.shp-gis_osm_roads_free_1,tianjin-latest-free.shp-gis_osm_traffic_free_1,0.7166533364906047,0
tianjin-latest-free.shp-gis_osm_roads_free_1,tianjin-latest-free.shp-gis_osm_transport_a_free_1,0.8719712290272829,0
tianjin-latest-free.shp-gis_osm_roads_free_1,tianjin-latest-free.shp-gis_osm_transport_free_1,0.7293872215457633,0
tianjin-latest-free.shp-gis_osm_roads_free_1,tianjin-latest-free.shp-gis_osm_water_a_free_1,0.8342069784457479,0
tianjin-latest-free.shp-gis_osm_roads_free_1,tianjin-latest-free.shp-gis_osm_waterways_free_1,0.8806550947797663,0
tianjin-latest-free.shp-gis_osm_traffic_a_free_1,H51-AANP,0.7474825474418508,0
tianjin-latest-free.shp-gis_osm_traffic_a_free_1,H51-AGNP,0.7457837234703921,0
tianjin-latest-free.shp-gis_osm_traffic_a_free_1,H51-BOUA,0.5806824590312687,0
tianjin-latest-free.shp-gis_osm_traffic_a_free_1,H51-BOUL,0.7756638258088715,0
tianjin-latest-free.shp-gis_osm_traffic_a_free_1,H51-BOUP,0.7525790193562271,0
tianjin-latest-free.shp-gis_osm_traffic_a_free_1,H51-BRGA,0.8112611374549092,0
tianjin-latest-free.shp-gis_osm_traffic_a_free_1,H51-BRGL,0.8280786712108251,0
tianjin-latest-free.shp-gis_osm_traffic_a_free_1,H51-BRGP,0.7474825474418508,0
tianjin-latest-free.shp-gis_osm_traffic_a_free_1,H51-CPTL,0.7876518475995673,0
tianjin-latest-free.shp-gis_osm_traffic_a_free_1,H51-HFCA,0.7937794500015896,0
tianjin-latest-free.shp-gis_osm_traffic_a_free_1,H51-HFCL,0.7896052960033408,0
tianjin-latest-free.shp-gis_osm_traffic_a_free_1,H51-HFCP,0.737928055521709,0
tianjin-latest-free.shp-gis_osm_traffic_a_free_1,H51-HYDA,0.5437090580499706,0
tianjin-latest-free.shp-gis_osm_traffic_a_free_1,H51-HYDL,0.8377196442045202,0
tianjin-latest-free.shp-gis_osm_traffic_a_free_1,H51-HYDP,0.7457837234703921,0
tianjin-latest-free.shp-gis_osm_traffic_a_free_1,H51-LFCL,0.8721547122562577,0
tianjin-latest-free.shp-gis_osm_traffic_a_free_1,H51-LFCP,0.7471434032199507,0
tianjin-latest-free.shp-gis_osm_traffic_a_free_1,H51-LRDL,0.829490571078739,0
tianjin-latest-free.shp-gis_osm_traffic_a_free_1,H51-LRRL,0.7274740040036038,0
tianjin-latest-free.shp-gis_osm_traffic_a_free_1,H51-RESA,0.8062636355814704,0
tianjin-latest-free.shp-gis_osm_traffic_a_free_1,H51-RESP,0.7457837234703921,0
tianjin-latest-free.shp-gis_osm_traffic_a_free_1,H51-RFCA,0.8443029027051451,0
tianjin-latest-free.shp-gis_osm_traffic_a_free_1,H51-RFCP,0.7474825474418508,0
tianjin-latest-free.shp-gis_osm_traffic_a_free_1,H51-TERL,0.6588564645796603,0
tianjin-latest-free.shp-gis_osm_traffic_a_free_1,H51-TERP,0.7474825474418508,0
tianjin-latest-free.shp-gis_osm_traffic_a_free_1,H51-VEGA,0.7071250808146918,0
tianjin-latest-free.shp-gis_osm_traffic_a_free_1,tianjin-latest-free.shp-gis_osm_buildings_a_free_1,0.9936317884680076,1
tianjin-latest-free.shp-gis_osm_traffic_a_free_1,tianjin-latest-free.shp-gis_osm_landuse_a_free_1,0.9761904761904764,1
tianjin-latest-free.shp-gis_osm_traffic_a_free_1,tianjin-latest-free.shp-gis_osm_natural_free_1,0.7474825474418508,0
tianjin-latest-free.shp-gis_osm_traffic_a_free_1,tianjin-latest-free.shp-gis_osm_places_a_free_1,0.9873015873015875,1
tianjin-latest-free.shp-gis_osm_traffic_a_free_1,tianjin-latest-free.shp-gis_osm_places_free_1,0.7471434032199507,0
tianjin-latest-free.shp-gis_osm_traffic_a_free_1,tianjin-latest-free.shp-gis_osm_pofw_a_free_1,0.9936507936507938,1
tianjin-latest-free.shp-gis_osm_traffic_a_free_1,tianjin-latest-free.shp-gis_osm_pofw_free_1,0.7525790193562271,0
tianjin-latest-free.shp-gis_osm_traffic_a_free_1,tianjin-latest-free.shp-gis_osm_pois_a_free_1,0.9872406016327392,1
tianjin-latest-free.shp-gis_osm_traffic_a_free_1,tianjin-latest-free.shp-gis_osm_pois_free_1,0.7471434032199507,0
tianjin-latest-free.shp-gis_osm_traffic_a_free_1,tianjin-latest-free.shp-gis_osm_railways_free_1,0.7860952746533838,0
tianjin-latest-free.shp-gis_osm_traffic_a_free_1,tianjin-latest-free.shp-gis_osm_roads_free_1,0.8741283401505197,0
tianjin-latest-free.shp-gis_osm_traffic_a_free_1,tianjin-latest-free.shp-gis_osm_traffic_free_1,0.7352299548770357,0
tianjin-latest-free.shp-gis_osm_traffic_a_free_1,tianjin-latest-free.shp-gis_osm_transport_a_free_1,0.9920521281322651,1
tianjin-latest-free.shp-gis_osm_traffic_a_free_1,tianjin-latest-free.shp-gis_osm_transport_free_1,0.7468055114982657,0
tianjin-latest-free.shp-gis_osm_traffic_a_free_1,tianjin-latest-free.shp-gis_osm_water_a_free_1,0.8958747486188705,0
tianjin-latest-free.shp-gis_osm_traffic_a_free_1,tianjin-latest-free.shp-gis_osm_waterways_free_1,0.8132915520820604,0
tianjin-latest-free.shp-gis_osm_traffic_free_1,H51-AANP,0.9808966940808007,1
tianjin-latest-free.shp-gis_osm_traffic_free_1,H51-AGNP,0.9824890588439189,1
tianjin-latest-free.shp-gis_osm_traffic_free_1,H51-BOUA,0.29898663920492063,0
tianjin-latest-free.shp-gis_osm_traffic_free_1,H51-BOUL,0.6451659406403427,0
tianjin-latest-free.shp-gis_osm_traffic_free_1,H51-BOUP,0.9679257216740593,1
tianjin-latest-free.shp-gis_osm_traffic_free_1,H51-BRGA,0.6779372875487569,0
tianjin-latest-free.shp-gis_osm_traffic_free_1,H51-BRGL,0.677364634354306,0
tianjin-latest-free.shp-gis_osm_traffic_free_1,H51-BRGP,0.9808966940808007,1
tianjin-latest-free.shp-gis_osm_traffic_free_1,H51-CPTL,0.6739607919706161,0
tianjin-latest-free.shp-gis_osm_traffic_free_1,H51-HFCA,0.7172995424091478,0
tianjin-latest-free.shp-gis_osm_traffic_free_1,H51-HFCL,0.6798503844852782,0
tianjin-latest-free.shp-gis_osm_traffic_free_1,H51-HFCP,0.9968216095175163,1
tianjin-latest-free.shp-gis_osm_traffic_free_1,H51-HYDA,0.2542966899450852,0
tianjin-latest-free.shp-gis_osm_traffic_free_1,H51-HYDL,0.6952548756211598,0
tianjin-latest-free.shp-gis_osm_traffic_free_1,H51-HYDP,0.9824890588439189,1
tianjin-latest-free.shp-gis_osm_traffic_free_1,H51-LFCL,0.7131049793830508,0
tianjin-latest-free.shp-gis_osm_traffic_free_1,H51-LFCP,0.9856737883701553,1
tianjin-latest-free.shp-gis_osm_traffic_free_1,H51-LRDL,0.668373882436804,0
tianjin-latest-free.shp-gis_osm_traffic_free_1,H51-LRRL,0.5808414100481677,0
tianjin-latest-free.shp-gis_osm_traffic_free_1,H51-RESA,0.7071810532083045,0
tianjin-latest-free.shp-gis_osm_traffic_free_1,H51-RESP,0.9824890588439189,1
tianjin-latest-free.shp-gis_osm_traffic_free_1,H51-RFCA,0.7481645257455694,0
tianjin-latest-free.shp-gis_osm_traffic_free_1,H51-RFCP,0.9793043293176825,1
tianjin-latest-free.shp-gis_osm_traffic_free_1,H51-TERL,0.3733276527392068,0
tianjin-latest-free.shp-gis_osm_traffic_free_1,H51-TERP,0.9793043293176825,1
tianjin-latest-free.shp-gis_osm_traffic_free_1,H51-VEGA,0.4355590593725381,0
tianjin-latest-free.shp-gis_osm_traffic_free_1,tianjin-latest-free.shp-gis_osm_buildings_a_free_1,0.7299213659094381,0
tianjin-latest-free.shp-gis_osm_traffic_free_1,tianjin-latest-free.shp-gis_osm_landuse_a_free_1,0.7329304064430578,0
tianjin-latest-free.shp-gis_osm_traffic_free_1,tianjin-latest-free.shp-gis_osm_natural_free_1,0.9808966940808007,1
tianjin-latest-free.shp-gis_osm_traffic_free_1,tianjin-latest-free.shp-gis_osm_places_a_free_1,0.7451280610325515,0
tianjin-latest-free.shp-gis_osm_traffic_free_1,tianjin-latest-free.shp-gis_osm_places_free_1,0.9856737883701553,1
tianjin-latest-free.shp-gis_osm_traffic_free_1,tianjin-latest-free.shp-gis_osm_pofw_a_free_1,0.7437915073806726,0
tianjin-latest-free.shp-gis_osm_traffic_free_1,tianjin-latest-free.shp-gis_osm_pofw_free_1,0.9679257216740593,1
tianjin-latest-free.shp-gis_osm_traffic_free_1,tianjin-latest-free.shp-gis_osm_pois_a_free_1,0.7342569783999078,0
tianjin-latest-free.shp-gis_osm_traffic_free_1,tianjin-latest-free.shp-gis_osm_pois_free_1,0.9856737883701553,1
tianjin-latest-free.shp-gis_osm_traffic_free_1,tianjin-latest-free.shp-gis_osm_railways_free_1,0.5472168584244865,0
tianjin-latest-free.shp-gis_osm_traffic_free_1,tianjin-latest-free.shp-gis_osm_roads_free_1,0.7182107429585858,0
tianjin-latest-free.shp-gis_osm_traffic_free_1,tianjin-latest-free.shp-gis_osm_traffic_a_free_1,0.7370450991504625,0
tianjin-latest-free.shp-gis_osm_traffic_free_1,tianjin-latest-free.shp-gis_osm_transport_a_free_1,0.7393442091971358,0
tianjin-latest-free.shp-gis_osm_traffic_free_1,tianjin-latest-free.shp-gis_osm_transport_free_1,0.9872661531332735,1
tianjin-latest-free.shp-gis_osm_traffic_free_1,tianjin-latest-free.shp-gis_osm_water_a_free_1,0.6820141657518408,0
tianjin-latest-free.shp-gis_osm_traffic_free_1,tianjin-latest-free.shp-gis_osm_waterways_free_1,0.6576442161478194,0
tianjin-latest-free.shp-gis_osm_transport_a_free_1,H51-AANP,0.7553180795099294,0
tianjin-latest-free.shp-gis_osm_transport_a_free_1,H51-AGNP,0.7536580397747427,0
tianjin-latest-free.shp-gis_osm_transport_a_free_1,H51-BOUA,0.5703091488416833,0
tianjin-latest-free.shp-gis_osm_transport_a_free_1,H51-BOUL,0.7718620446605874,0
tianjin-latest-free.shp-gis_osm_transport_a_free_1,H51-BOUP,0.7602981987154893,0
tianjin-latest-free.shp-gis_osm_transport_a_free_1,H51-BRGA,0.8131727983645296,0
tianjin-latest-free.shp-gis_osm_transport_a_free_1,H51-BRGL,0.826475849994001,0
tianjin-latest-free.shp-gis_osm_transport_a_free_1,H51-BRGP,0.7553180795099294,0
tianjin-latest-free.shp-gis_osm_transport_a_free_1,H51-CPTL,0.7884751877472884,0
tianjin-latest-free.shp-gis_osm_transport_a_free_1,H51-HFCA,0.7951856148770525,0
tianjin-latest-free.shp-gis_osm_transport_a_free_1,H51-HFCL,0.790430169621836,0
tianjin-latest-free.shp-gis_osm_transport_a_free_1,H51-HFCP,0.7477461115914342,0
tianjin-latest-free.shp-gis_osm_transport_a_free_1,H51-HYDA,0.5298698272319479,0
tianjin-latest-free.shp-gis_osm_transport_a_free_1,H51-HYDL,0.8344280149542077,0
tianjin-latest-free.shp-gis_osm_transport_a_free_1,H51-HYDP,0.7536580397747427,0
tianjin-latest-free.shp-gis_osm_transport_a_free_1,H51-LFCL,0.868373061326174,0
tianjin-latest-free.shp-gis_osm_transport_a_free_1,H51-LFCP,0.7560176393745253,0
tianjin-latest-free.shp-gis_osm_transport_a_free_1,H51-LRDL,0.8257303305182603,0
tianjin-latest-free.shp-gis_osm_transport_a_free_1,H51-LRRL,0.7248548321181358,0
tianjin-latest-free.shp-gis_osm_transport_a_free_1,H51-RESA,0.8069288623541399,0
tianjin-latest-free.shp-gis_osm_transport_a_free_1,H51-RESP,0.7536580397747427,0
tianjin-latest-free.shp-gis_osm_transport_a_free_1,H51-RFCA,0.8475945319554575,0
tianjin-latest-free.shp-gis_osm_transport_a_free_1,H51-RFCP,0.7549698911414013,0
tianjin-latest-free.shp-gis_osm_transport_a_free_1,H51-TERL,0.6512013006939866,0
tianjin-latest-free.shp-gis_osm_transport_a_free_1,H51-TERP,0.7549698911414013,0
tianjin-latest-free.shp-gis_osm_transport_a_free_1,H51-VEGA,0.7003483860275479,0
tianjin-latest-free.shp-gis_osm_transport_a_free_1,tianjin-latest-free.shp-gis_osm_buildings_a_free_1,0.9872826467470138,1
tianjin-latest-free.shp-gis_osm_transport_a_free_1,tianjin-latest-free.shp-gis_osm_landuse_a_free_1,0.9793335111049284,1
tianjin-latest-free.shp-gis_osm_transport_a_free_1,tianjin-latest-free.shp-gis_osm_natural_free_1,0.7553180795099294,0
tianjin-latest-free.shp-gis_osm_transport_a_free_1,tianjin-latest-free.shp-gis_osm_places_a_free_1,0.9936507936507938,1
tianjin-latest-free.shp-gis_osm_transport_a_free_1,tianjin-latest-free.shp-gis_osm_places_free_1,0.7560176393745253,0
tianjin-latest-free.shp-gis_osm_transport_a_free_1,tianjin-latest-free.shp-gis_osm_pofw_a_free_1,0.9952317823890993,1
tianjin-latest-free.shp-gis_osm_transport_a_free_1,tianjin-latest-free.shp-gis_osm_pofw_free_1,0.7602981987154893,0
tianjin-latest-free.shp-gis_osm_transport_a_free_1,tianjin-latest-free.shp-gis_osm_pois_a_free_1,0.9920432474226281,1
tianjin-latest-free.shp-gis_osm_transport_a_free_1,tianjin-latest-free.shp-gis_osm_pois_free_1,0.7560176393745253,0
tianjin-latest-free.shp-gis_osm_transport_a_free_1,tianjin-latest-free.shp-gis_osm_railways_free_1,0.777335515088632,0
tianjin-latest-free.shp-gis_osm_transport_a_free_1,tianjin-latest-free.shp-gis_osm_roads_free_1,0.8732607145794169,0
tianjin-latest-free.shp-gis_osm_transport_a_free_1,tianjin-latest-free.shp-gis_osm_traffic_a_free_1,0.9920368738797763,1
tianjin-latest-free.shp-gis_osm_transport_a_free_1,tianjin-latest-free.shp-gis_osm_traffic_free_1,0.7440671772021648,0
tianjin-latest-free.shp-gis_osm_transport_a_free_1,tianjin-latest-free.shp-gis_osm_transport_free_1,0.7560176393745253,0
tianjin-latest-free.shp-gis_osm_transport_a_free_1,tianjin-latest-free.shp-gis_osm_water_a_free_1,0.8978280671126506,0
tianjin-latest-free.shp-gis_osm_transport_a_free_1,tianjin-latest-free.shp-gis_osm_waterways_free_1,0.8093456484868435,0
tianjin-latest-free.shp-gis_osm_transport_free_1,H51-AANP,0.9936419552606822,1
tianjin-latest-free.shp-gis_osm_transport_free_1,H51-AGNP,0.9952317823890993,1
tianjin-latest-free.shp-gis_osm_transport_free_1,H51-BOUA,0.29552237657525926,0
tianjin-latest-free.shp-gis_osm_transport_free_1,H51-BOUL,0.6546559495040344,0
tianjin-latest-free.shp-gis_osm_transport_free_1,H51-BOUP,0.9808966940808007,1
tianjin-latest-free.shp-gis_osm_transport_free_1,H51-BRGA,0.6905393428237389,0
tianjin-latest-free.shp-gis_osm_transport_free_1,H51-BRGL,0.6879488279507102,0
tianjin-latest-free.shp-gis_osm_transport_free_1,H51-BRGP,0.9936419552606822,1
tianjin-latest-free.shp-gis_osm_transport_free_1,H51-CPTL,0.6820141657518408,0
tianjin-latest-free.shp-gis_osm_transport_free_1,H51-HFCA,0.7273098320775917,0
tianjin-latest-free.shp-gis_osm_transport_free_1,H51-HFCL,0.6935591320220839,0
tianjin-latest-free.shp-gis_osm_transport_free_1,H51-HFCP,0.9904925275116718,1
tianjin-latest-free.shp-gis_osm_transport_free_1,H51-HYDA,0.254680717324783,0
tianjin-latest-free.shp-gis_osm_transport_free_1,H51-HYDL,0.7054728864131153,0
tianjin-latest-free.shp-gis_osm_transport_free_1,H51-HYDP,0.9952317823890993,1
tianjin-latest-free.shp-gis_osm_transport_free_1,H51-LFCL,0.724262721160196,0
tianjin-latest-free.shp-gis_osm_transport_free_1,H51-LFCP,0.9984126984126986,1
tianjin-latest-free.shp-gis_osm_transport_free_1,H51-LRDL,0.6789347398332044,0
tianjin-latest-free.shp-gis_osm_transport_free_1,H51-LRRL,0.584565026187224,0
tianjin-latest-free.shp-gis_osm_transport_free_1,H51-RESA,0.7184924765173845,0
tianjin-latest-free.shp-gis_osm_transport_free_1,H51-RESP,0.9952317823890993,1
tianjin-latest-free.shp-gis_osm_transport_free_1,H51-RFCA,0.7599558724457908,0
tianjin-latest-free.shp-gis_osm_transport_free_1,H51-RFCP,0.9920521281322651,1
tianjin-latest-free.shp-gis_osm_transport_free_1,H51-TERL,0.3667441646677916,0
tianjin-latest-free.shp-gis_osm_transport_free_1,H51-TERP,0.9920521281322651,1
tianjin-latest-free.shp-gis_osm_transport_free_1,H51-VEGA,0.42819074998106255,0
tianjin-latest-free.shp-gis_osm_transport_free_1,tianjin-latest-free.shp-gis_osm_buildings_a_free_1,0.7365508071793291,0
tianjin-latest-free.shp-gis_osm_transport_free_1,tianjin-latest-free.shp-gis_osm_landuse_a_free_1,0.7392948453502024,0
tianjin-latest-free.shp-gis_osm_transport_free_1,tianjin-latest-free.shp-gis_osm_natural_free_1,0.9936419552606822,1
tianjin-latest-free.shp-gis_osm_transport_free_1,tianjin-latest-free.shp-gis_osm_places_a_free_1,0.7540551452603357,0
tianjin-latest-free.shp-gis_osm_transport_free_1,tianjin-latest-free.shp-gis_osm_places_free_1,0.9984126984126986,1
tianjin-latest-free.shp-gis_osm_transport_free_1,tianjin-latest-free.shp-gis_osm_pofw_a_free_1,0.7520189204825901,0
tianjin-latest-free.shp-gis_osm_transport_free_1,tianjin-latest-free.shp-gis_osm_pofw_free_1,0.9808966940808007,1
tianjin-latest-free.shp-gis_osm_transport_free_1,tianjin-latest-free.shp-gis_osm_pois_a_free_1,0.742419008261166,0
tianjin-latest-free.shp-gis_osm_transport_free_1,tianjin-latest-free.shp-gis_osm_pois_free_1,0.9984126984126986,1
tianjin-latest-free.shp-gis_osm_transport_free_1,tianjin-latest-free.shp-gis_osm_railways_free_1,0.5487185888307898,0
tianjin-latest-free.shp-gis_osm_transport_free_1,tianjin-latest-free.shp-gis_osm_roads_free_1,0.7290203997686631,0
tianjin-latest-free.shp-gis_osm_transport_free_1,tianjin-latest-free.shp-gis_osm_traffic_a_free_1,0.7441495887000033,0
tianjin-latest-free.shp-gis_osm_transport_free_1,tianjin-latest-free.shp-gis_osm_traffic_free_1,0.9873015873015875,1
tianjin-latest-free.shp-gis_osm_transport_free_1,tianjin-latest-free.shp-gis_osm_transport_a_free_1,0.7482536194263297,0
tianjin-latest-free.shp-gis_osm_transport_free_1,tianjin-latest-free.shp-gis_osm_water_a_free_1,0.6874817557034204,0
tianjin-latest-free.shp-gis_osm_transport_free_1,tianjin-latest-free.shp-gis_osm_waterways_free_1,0.6681718713126892,0
tianjin-latest-free.shp-gis_osm_water_a_free_1,H51-AANP,0.6892222158444418,0
tianjin-latest-free.shp-gis_osm_water_a_free_1,H51-AGNP,0.6870537202952548,0
tianjin-latest-free.shp-gis_osm_water_a_free_1,H51-BOUA,0.6364476508604844,0
tianjin-latest-free.shp-gis_osm_water_a_free_1,H51-BOUL,0.8211257465448248,0
tianjin-latest-free.shp-gis_osm_water_a_free_1,H51-BOUP,0.6956933364125613,0
tianjin-latest-free.shp-gis_osm_water_a_free_1,H51-BRGA,0.8636715645594519,0
tianjin-latest-free.shp-gis_osm_water_a_free_1,H51-BRGL,0.8545578003665635,0
tianjin-latest-free.shp-gis_osm_water_a_free_1,H51-BRGP,0.6892222158444418,0
tianjin-latest-free.shp-gis_osm_water_a_free_1,H51-CPTL,0.8138141947296961,0
tianjin-latest-free.shp-gis_osm_water_a_free_1,H51-HFCA,0.8269138195945605,0
tianjin-latest-free.shp-gis_osm_water_a_free_1,H51-HFCL,0.8227549642959059,0
tianjin-latest-free.shp-gis_osm_water_a_free_1,H51-HFCP,0.6791982699342797,0
tianjin-latest-free.shp-gis_osm_water_a_free_1,H51-HYDA,0.6053804648701319,0
tianjin-latest-free.shp-gis_osm_water_a_free_1,H51-HYDL,0.8414359915317602,0
tianjin-latest-free.shp-gis_osm_water_a_free_1,H51-HYDP,0.6870537202952548,0
tianjin-latest-free.shp-gis_osm_water_a_free_1,H51-LFCL,0.8375042392301184,0
tianjin-latest-free.shp-gis_osm_water_a_free_1,H51-LFCP,0.6870537202952548,0
tianjin-latest-free.shp-gis_osm_water_a_free_1,H51-LRDL,0.839579763866531,0
tianjin-latest-free.shp-gis_osm_water_a_free_1,H51-LRRL,0.7971498867142991,0
tianjin-latest-free.shp-gis_osm_water_a_free_1,H51-RESA,0.8504516660642829,0
tianjin-latest-free.shp-gis_osm_water_a_free_1,H51-RESP,0.6870537202952548,0
tianjin-latest-free.shp-gis_osm_water_a_free_1,H51-RFCA,0.8642249624144722,0
tianjin-latest-free.shp-gis_osm_water_a_free_1,H51-RFCP,0.6892222158444418,0
tianjin-latest-free.shp-gis_osm_water_a_free_1,H51-TERL,0.6915068435965437,0
tianjin-latest-free.shp-gis_osm_water_a_free_1,H51-TERP,0.6892222158444418,0
tianjin-latest-free.shp-gis_osm_water_a_free_1,H51-VEGA,0.7509392614826383,0
tianjin-latest-free.shp-gis_osm_water_a_free_1,tianjin-latest-free.shp-gis_osm_buildings_a_free_1,0.892948566747908,0
tianjin-latest-free.shp-gis_osm_water_a_free_1,tianjin-latest-free.shp-gis_osm_landuse_a_free_1,0.9192671669651022,1
tianjin-latest-free.shp-gis_osm_water_a_free_1,tianjin-latest-free.shp-gis_osm_natural_free_1,0.6892222158444418,0
tianjin-latest-free.shp-gis_osm_water_a_free_1,tianjin-latest-free.shp-gis_osm_places_a_free_1,0.8989617563513141,0
tianjin-latest-free.shp-gis_osm_water_a_free_1,tianjin-latest-free.shp-gis_osm_places_free_1,0.6870537202952548,0
tianjin-latest-free.shp-gis_osm_water_a_free_1,tianjin-latest-free.shp-gis_osm_pofw_a_free_1,0.8925429942770245,0
tianjin-latest-free.shp-gis_osm_water_a_free_1,tianjin-latest-free.shp-gis_osm_pofw_free_1,0.6956933364125613,0
tianjin-latest-free.shp-gis_osm_water_a_free_1,tianjin-latest-free.shp-gis_osm_pois_a_free_1,0.9028306017751982,1
tianjin-latest-free.shp-gis_osm_water_a_free_1,tianjin-latest-free.shp-gis_osm_pois_free_1,0.6870537202952548,0
tianjin-latest-free.shp-gis_osm_water_a_free_1,tianjin-latest-free.shp-gis_osm_railways_free_1,0.8127106261399833,0
tianjin-latest-free.shp-gis_osm_water_a_free_1,tianjin-latest-free.shp-gis_osm_roads_free_1,0.8331275670965684,0
tianjin-latest-free.shp-gis_osm_water_a_free_1,tianjin-latest-free.shp-gis_osm_traffic_a_free_1,0.89444054534347,0
tianjin-latest-free.shp-gis_osm_water_a_free_1,tianjin-latest-free.shp-gis_osm_traffic_free_1,0.6752515720943184,0
tianjin-latest-free.shp-gis_osm_water_a_free_1,tianjin-latest-free.shp-gis_osm_transport_a_free_1,0.8976989808456319,0
tianjin-latest-free.shp-gis_osm_water_a_free_1,tianjin-latest-free.shp-gis_osm_transport_free_1,0.6870537202952548,0
tianjin-latest-free.shp-gis_osm_water_a_free_1,tianjin-latest-free.shp-gis_osm_waterways_free_1,0.8346507241569427,0
tianjin-latest-free.shp-gis_osm_waterways_free_1,H51-AANP,0.6756627131624611,0
tianjin-latest-free.shp-gis_osm_waterways_free_1,H51-AGNP,0.6739607919706161,0
tianjin-latest-free.shp-gis_osm_waterways_free_1,H51-BOUA,0.5981203707138893,0
tianjin-latest-free.shp-gis_osm_waterways_free_1,H51-BOUL,0.9206923582851392,1
tianjin-latest-free.shp-gis_osm_waterways_free_1,H51-BOUP,0.6759696195038073,0
tianjin-latest-free.shp-gis_osm_waterways_free_1,H51-BRGA,0.8835024501480678,0
tianjin-latest-free.shp-gis_osm_waterways_free_1,H51-BRGL,0.9551164718229262,1
tianjin-latest-free.shp-gis_osm_waterways_free_1,H51-BRGP,0.6756627131624611,0
tianjin-latest-free.shp-gis_osm_waterways_free_1,H51-CPTL,0.8978280671126506,0
tianjin-latest-free.shp-gis_osm_waterways_free_1,H51-HFCA,0.8690958955286266,0
tianjin-latest-free.shp-gis_osm_waterways_free_1,H51-HFCL,0.9191667692366137,1
tianjin-latest-free.shp-gis_osm_waterways_free_1,H51-HFCP,0.6615537407792856,0
tianjin-latest-free.shp-gis_osm_waterways_free_1,H51-HYDA,0.5594941597352924,0
tianjin-latest-free.shp-gis_osm_waterways_free_1,H51-HYDL,0.9583269473584655,1
tianjin-latest-free.shp-gis_osm_waterways_free_1,H51-HYDP,0.6739607919706161,0
tianjin-latest-free.shp-gis_osm_waterways_free_1,H51-LFCL,0.9233415335658952,1
tianjin-latest-free.shp-gis_osm_waterways_free_1,H51-LFCP,0.672258870778771,0
tianjin-latest-free.shp-gis_osm_waterways_free_1,H51-LRDL,0.9695636117328529,1
tianjin-latest-free.shp-gis_osm_waterways_free_1,H51-LRRL,0.8806550947797663,0
tianjin-latest-free.shp-gis_osm_waterways_free_1,H51-RESA,0.8692810480609604,0
tianjin-latest-free.shp-gis_osm_waterways_free_1,H51-RESP,0.6739607919706161,0
tianjin-latest-free.shp-gis_osm_waterways_free_1,H51-RFCA,0.8559436581251005,0
tianjin-latest-free.shp-gis_osm_waterways_free_1,H51-RFCP,0.6751940240943224,0
tianjin-latest-free.shp-gis_osm_waterways_free_1,H51-TERL,0.6451659406403427,0
tianjin-latest-free.shp-gis_osm_waterways_free_1,H51-TERP,0.6751940240943224,0
tianjin-latest-free.shp-gis_osm_waterways_free_1,H51-VEGA,0.7132243731581137,0
tianjin-latest-free.shp-gis_osm_waterways_free_1,tianjin-latest-free.shp-gis_osm_buildings_a_free_1,0.8105527065578604,0
tianjin-latest-free.shp-gis_osm_waterways_free_1,tianjin-latest-free.shp-gis_osm_landuse_a_free_1,0.8146088755405009,0
tianjin-latest-free.shp-gis_osm_waterways_free_1,tianjin-latest-free.shp-gis_osm_natural_free_1,0.6756627131624611,0
tianjin-latest-free.shp-gis_osm_waterways_free_1,tianjin-latest-free.shp-gis_osm_places_a_free_1,0.8156877678704428,0
tianjin-latest-free.shp-gis_osm_waterways_free_1,tianjin-latest-free.shp-gis_osm_places_free_1,0.672258870778771,0
tianjin-latest-free.shp-gis_osm_waterways_free_1,tianjin-latest-free.shp-gis_osm_pofw_a_free_1,0.8186582336234389,0
tianjin-latest-free.shp-gis_osm_waterways_free_1,tianjin-latest-free.shp-gis_osm_pofw_free_1,0.6759696195038073,0
tianjin-latest-free.shp-gis_osm_waterways_free_1,tianjin-latest-free.shp-gis_osm_pois_a_free_1,0.8064627867850959,0
tianjin-latest-free.shp-gis_osm_waterways_free_1,tianjin-latest-free.shp-gis_osm_pois_free_1,0.672258870778771,0
tianjin-latest-free.shp-gis_osm_waterways_free_1,tianjin-latest-free.shp-gis_osm_railways_free_1,0.836515313218709,0
tianjin-latest-free.shp-gis_osm_waterways_free_1,tianjin-latest-free.shp-gis_osm_roads_free_1,0.8823728447240584,0
tianjin-latest-free.shp-gis_osm_waterways_free_1,tianjin-latest-free.shp-gis_osm_traffic_a_free_1,0.8154160227972075,0
tianjin-latest-free.shp-gis_osm_waterways_free_1,tianjin-latest-free.shp-gis_osm_traffic_free_1,0.6576442161478194,0
tianjin-latest-free.shp-gis_osm_waterways_free_1,tianjin-latest-free.shp-gis_osm_transport_a_free_1,0.8137949173840918,0
tianjin-latest-free.shp-gis_osm_waterways_free_1,tianjin-latest-free.shp-gis_osm_transport_free_1,0.671035468726207,0
tianjin-latest-free.shp-gis_osm_waterways_free_1,tianjin-latest-free.shp-gis_osm_water_a_free_1,0.8353286997720871,0
